[
  {
    "__type__": "cc.Prefab",
    "_name": "",
    "_objFlags": 0,
    "_native": "",
    "data": {
      "__id__": 1
    },
    "optimizationPolicy": 0,
    "persistent": false,
    "asyncLoadAssets": false
  },
  {
    "__type__": "cc.Node",
    "_name": "SkillFruit",
    "_objFlags": 0,
    "__editorExtras__": {},
    "_parent": null,
    "_children": [
      {
        "__id__": 2
      }
    ],
    "_active": true,
    "_components": [
      {
        "__id__": 8
      },
      {
        "__id__": 10
      }
    ],
    "_prefab": {
      "__id__": 12
    },
    "_lpos": {
      "__type__": "cc.Vec3",
      "x": 0,
      "y": 0,
      "z": 0
    },
    "_lrot": {
      "__type__": "cc.Quat",
      "x": 0,
      "y": 0,
      "z": 0,
      "w": 1
    },
    "_lscale": {
      "__type__": "cc.Vec3",
      "x": 1,
      "y": 1,
      "z": 1
    },
    "_layer": 33554432,
    "_euler": {
      "__type__": "cc.Vec3",
      "x": 0,
      "y": 0,
      "z": 0
    },
    "_id": ""
  },
  {
    "__type__": "cc.Node",
    "_name": "Label",
    "_objFlags": 0,
    "_parent": {
      "__id__": 1
    },
    "_children": [],
    "_active": true,
    "_components": [
      {
        "__id__": 3
      },
      {
        "__id__": 5
      }
    ],
    "_prefab": {
      "__id__": 7
    },
    "_lpos": {
      "__type__": "cc.Vec3",
      "x": 0,
      "y": 60,
      "z": 0
    },
    "_lrot": {
      "__type__": "cc.Quat",
      "x": 0,
      "y": 0,
      "z": 0,
      "w": 1
    },
    "_lscale": {
      "__type__": "cc.Vec3",
      "x": 0.5,
      "y": 0.5,
      "z": 0.5
    },
    "_layer": 33554432,
    "_euler": {
      "__type__": "cc.Vec3",
      "x": 0,
      "y": 0,
      "z": 0
    },
    "_id": ""
  },
  {
    "__type__": "cc.UITransform",
    "_name": "",
    "_objFlags": 0,
    "node": {
      "__id__": 2
    },
    "_enabled": true,
    "__prefab": {
      "__id__": 4
    },
    "_contentSize": {
      "__type__": "cc.Size",
      "width": 0,
      "height": 63
    },
    "_anchorPoint": {
      "__type__": "cc.Vec2",
      "x": 0.5,
      "y": 0.5
    },
    "_id": ""
  },
  {
    "__type__": "cc.CompPrefabInfo",
    "fileId": "1fEBVgp3ZJ3IvFG1r1gQAZ"
  },
  {
    "__type__": "cc.Label",
    "_name": "",
    "_objFlags": 0,
    "node": {
      "__id__": 2
    },
    "_enabled": true,
    "__prefab": {
      "__id__": 6
    },
    "_visFlags": 0,
    "_customMaterial": null,
    "_srcBlendFactor": 2,
    "_dstBlendFactor": 4,
    "_color": {
      "__type__": "cc.Color",
      "r": 255,
      "g": 255,
      "b": 255,
      "a": 255
    },
    "_string": "",
    "_horizontalAlign": 1,
    "_verticalAlign": 1,
    "_actualFontSize": 50,
    "_fontSize": 50,
    "_fontFamily": "Arial",
    "_lineHeight": 50,
    "_overflow": 0,
    "_enableWrapText": true,
    "_font": null,
    "_isSystemFontUsed": true,
    "_spacingX": 0,
    "_isItalic": false,
    "_isBold": true,
    "_isUnderline": false,
    "_underlineHeight": 2,
    "_cacheMode": 1,
    "_id": ""
  },
  {
    "__type__": "cc.CompPrefabInfo",
    "fileId": "851EDgDc5HU6vpTGl1MIL2"
  },
  {
    "__type__": "cc.PrefabInfo",
    "root": {
      "__id__": 1
    },
    "asset": {
      "__id__": 0
    },
    "fileId": "62RJ3guHlJH4Ala2QAvpGq"
  },
  {
    "__type__": "cc.UITransform",
    "_name": "",
    "_objFlags": 0,
    "node": {
      "__id__": 1
    },
    "_enabled": true,
    "__prefab": {
      "__id__": 9
    },
    "_contentSize": {
      "__type__": "cc.Size",
      "width": 80,
      "height": 80
    },
    "_anchorPoint": {
      "__type__": "cc.Vec2",
      "x": 0.5,
      "y": 0.5
    },
    "_id": ""
  },
  {
    "__type__": "cc.CompPrefabInfo",
    "fileId": "b52FAw3yRAr4kWBS95w/I6"
  },
  {
    "__type__": "cc.Sprite",
    "_name": "",
    "_objFlags": 0,
    "node": {
      "__id__": 1
    },
    "_enabled": true,
    "__prefab": {
      "__id__": 11
    },
    "_visFlags": 0,
    "_customMaterial": null,
    "_srcBlendFactor": 2,
    "_dstBlendFactor": 4,
    "_color": {
      "__type__": "cc.Color",
      "r": 255,
      "g": 255,
      "b": 255,
      "a": 255
    },
    "_spriteFrame": {
      "__uuid__": "a05e2e6c-53d6-4fc9-8e2a-331435dedae1@f9941",
      "__expectedType__": "cc.SpriteFrame"
    },
    "_type": 0,
    "_fillType": 0,
    "_sizeMode": 0,
    "_fillCenter": {
      "__type__": "cc.Vec2",
      "x": 0,
      "y": 0
    },
    "_fillStart": 0,
    "_fillRange": 0,
    "_isTrimmedMode": true,
    "_useGrayscale": false,
    "_atlas": null,
    "_id": ""
  },
  {
    "__type__": "cc.CompPrefabInfo",
    "fileId": "3bzIx4e39OOqPdWeu4diF2"
  },
  {
    "__type__": "cc.PrefabInfo",
    "root": {
      "__id__": 1
    },
    "asset": {
      "__id__": 0
    },
    "fileId": "9dZ6nNBrhCvq1kSVCmTY2d"
  }
]