{
  "options": {
    "android": {
      "packageName": "com.yws.ioa",
      "orientation": {
        "portrait": false,
        "upsideDown": false,
        "landscapeRight": true,
        "landscapeLeft": true
      },
      "apiLevel": "android-30",
      "appABIs": [
        "arm64-v8a",
        "armeabi-v7a",
        "x86"
      ],
      "useDebugKeystore": false,
      "keystorePath": "D:\\yws\\YeWanStudio.keystore",
      "keystorePassword": "ioa123666",
      "keystoreAlias": "ywsioa",
      "keystoreAliasPassword": "ioa123666",
      "appBundle": false,
      "androidInstant": false,
      "remoteUrl": "",
      "sdkPath": "",
      "ndkPath": "",
      "renderBackEnd": {
        "vulkan": true,
        "gles3": true,
        "gles2": true
      }
    },
    "huawei-agc": {
      "packageName": "",
      "orientation": {
        "portrait": false,
        "upsideDown": false,
        "landscapeRight": true,
        "landscapeLeft": true
      },
      "apiLevel": "android-26",
      "appABIs": [
        "arm64-v8a"
      ],
      "useDebugKeystore": true,
      "keystorePath": "",
      "keystorePassword": "",
      "keystoreAlias": "",
      "keystoreAliasPassword": "",
      "appBundle": false,
      "androidInstant": false,
      "remoteUrl": "",
      "sdkPath": "",
      "ndkPath": "",
      "renderBackEnd": {
        "vulkan": false,
        "gles3": true,
        "gles2": true
      }
    }
  }
}
