{
  "log": {
    "level": 4
  },
  "common": {
    "outputName": "android35",
    "mainBundleCompressionType": "merge_dep",
    "platform": "android",
    "buildPath": "D:\\CocosTest\\IOGame",
    "name": "IOGame",
    "debug": false,
    "replaceSplashScreen": true,
    "sourceMaps": false
  },
  "BuildTaskManager": {
    "taskMap": {
      "1651751292154": {
        "id": "1651751292154",
        "progress": 1,
        "state": "success",
        "message": "2022-5-6 11:01 make package D:\\CocosTest\\IOGame\\android-001 success!",
        "options": {
          "name": "IOGame",
          "platform": "android",
          "buildPath": "D:\\CocosTest\\IOGame",
          "debug": false,
          "md5Cache": false,
          "sourceMaps": false,
          "replaceSplashScreen": true,
          "mainBundleCompressionType": "merge_dep",
          "mainBundleIsRemote": false,
          "mergeStartScene": false,
          "experimentalEraseModules": false,
          "compressTexture": true,
          "packAutoAtlas": true,
          "startScene": "71ed12b7-72ae-4928-b823-a7254021fd7b",
          "scenes": [
            {
              "url": "db://assets/scenes/Scene.scene",
              "uuid": "71ed12b7-72ae-4928-b823-a7254021fd7b",
              "inBundle": false
            }
          ],
          "outputName": "android-001",
          "packages": {
            "android": {
              "packageName": "com.yws.ioa",
              "orientation": {
                "portrait": false,
                "upsideDown": false,
                "landscapeRight": true,
                "landscapeLeft": true
              },
              "apiLevel": "android-30",
              "appABIs": [
                "arm64-v8a",
                "armeabi-v7a",
                "x86"
              ],
              "useDebugKeystore": false,
              "keystorePath": "D:\\yws\\YeWanStudio.keystore",
              "keystorePassword": "ioa123666",
              "keystoreAlias": "ywsioa",
              "keystoreAliasPassword": "ioa123666",
              "appBundle": false,
              "androidInstant": false,
              "remoteUrl": "",
              "sdkPath": "",
              "ndkPath": "",
              "renderBackEnd": {
                "vulkan": true,
                "gles3": true,
                "gles2": true
              }
            },
            "native": {
              "polyfills": {
                "asyncFunctions": true
              },
              "encrypted": false,
              "xxteaKey": "d3bXgnmvJBLrzhwi",
              "compressZip": false,
              "makeAfterBuild": false,
              "JobSystem": "tbb"
            },
            "cocos-service": {
              "configID": "c48c42",
              "services": []
            }
          }
        },
        "time": "2022-5-6 11:00",
        "dirty": false
      }
    }
  }
}
