[
    1,
    [
        "00a90f8e-36c8-4187-850a-c77740fd6893@6c48a"
    ],
    [
        "_textureSource"
    ],
    [
        "cc.SpriteFrame"
    ],
    0,
    [
        {
            "name": "map0_4",
            "rect": {
                "x": 0,
                "y": 0,
                "width": 1599,
                "height": 1599
            },
            "offset": {
                "x": -0.5,
                "y": 0.5
            },
            "originalSize": {
                "width": 1600,
                "height": 1600
            },
            "rotated": false,
            "capInsets": [
                0,
                0,
                0,
                0
            ],
            "packable": true
        }
    ],
    [
        0
    ],
    0,
    [
        0
    ],
    [
        0
    ],
    [
        0
    ]
]
