[
    1,
    [
        "01S7dBWMRBtJrXY0fbQrMh@6c48a"
    ],
    [
        "_textureSource"
    ],
    [
        "cc.SpriteFrame"
    ],
    0,
    [
        {
            "name": "Sprite-0001",
            "rect": {
                "x": 0,
                "y": 0,
                "width": 32,
                "height": 32
            },
            "offset": {
                "x": 0,
                "y": 0
            },
            "originalSize": {
                "width": 32,
                "height": 32
            },
            "rotated": false,
            "capInsets": [
                0,
                0,
                0,
                0
            ],
            "packable": true
        }
    ],
    [
        0
    ],
    0,
    [
        0
    ],
    [
        0
    ],
    [
        0
    ]
]
