{
  "D:\\CocosProjects\\IO Game\\assets\\scenes.meta": {
    "time": 1648693363876.362
  },
  "D:\\CocosProjects\\IO Game\\assets\\scenes": {
    "time": 1651746854907.746,
    "uuid": "5079fed5-d360-4bee-a86e-9054992fd246",
    "missing": false
  },
  "D:\\CocosProjects\\IO Game\\assets\\scripts.meta": {
    "time": 1648693372321.181
  },
  "D:\\CocosProjects\\IO Game\\assets\\scripts": {
    "time": 1651746854957.6934,
    "uuid": "651dbec8-cda2-4973-ab37-155cd39f553a",
    "missing": false
  },
  "D:\\CocosProjects\\IO Game\\assets\\resources.meta": {
    "time": 1648693387437.305
  },
  "D:\\CocosProjects\\IO Game\\assets\\resources": {
    "time": 1651746854907.746,
    "uuid": "e0e4f3f8-e9c8-4f2f-b672-c5b5c4cf2b8c",
    "missing": false
  },
  "D:\\CocosProjects\\IO Game\\assets\\resources\\prefab.meta": {
    "time": 1648693398162.8784
  },
  "D:\\CocosProjects\\IO Game\\assets\\resources\\prefab": {
    "time": 1651746854907.746,
    "uuid": "0bfcd806-fa8c-4df7-be0f-0b4fb7bec1d1",
    "missing": false
  },
  "D:\\CocosProjects\\IO Game\\assets\\resources\\image.meta": {
    "time": 1648693406175.9724
  },
  "D:\\CocosProjects\\IO Game\\assets\\resources\\image": {
    "time": 1651746854853.938,
    "uuid": "572a6677-7eb9-4e07-8ba9-fc6b093a6c79",
    "missing": false
  },
  "D:\\CocosProjects\\IO Game\\assets\\resources\\image\\object.meta": {
    "time": 1648693413307.8083
  },
  "D:\\CocosProjects\\IO Game\\assets\\resources\\image\\object": {
    "time": 1651746854803.937,
    "uuid": "b08307d4-97ad-4c8a-89ea-e18f24e0a8c3",
    "missing": false
  },
  "D:\\CocosProjects\\IO Game\\assets\\resources\\image\\ui.meta": {
    "time": 1648693417518.149
  },
  "D:\\CocosProjects\\IO Game\\assets\\resources\\image\\ui": {
    "time": 1651746854853.938,
    "uuid": "854fbe64-1b11-4fec-a2a8-28f3260d1dd6",
    "missing": false
  },
  "D:\\CocosProjects\\IO Game\\assets\\resources\\prefab\\object.meta": {
    "time": 1648693423183.5815
  },
  "D:\\CocosProjects\\IO Game\\assets\\resources\\prefab\\object": {
    "time": 1651746854897.6953,
    "uuid": "a5c336ad-a49b-456e-9627-485f143c676c",
    "missing": false
  },
  "D:\\CocosProjects\\IO Game\\assets\\resources\\prefab\\scene.meta": {
    "time": 1648693428012.359
  },
  "D:\\CocosProjects\\IO Game\\assets\\resources\\prefab\\scene": {
    "time": 1651746854907.746,
    "uuid": "f77095a7-b42c-4644-bdec-89157a01ec28",
    "missing": false
  },
  "D:\\CocosProjects\\IO Game\\assets\\scenes\\Scene.scene.meta": {
    "time": 1648693439453.1929
  },
  "D:\\CocosProjects\\IO Game\\assets\\scenes\\Scene.scene": {
    "time": 1651810315946.1328,
    "uuid": "71ed12b7-72ae-4928-b823-a7254021fd7b",
    "missing": false
  },
  "D:\\CocosProjects\\IO Game\\assets\\scripts\\manager.meta": {
    "time": 1648693448765.538
  },
  "D:\\CocosProjects\\IO Game\\assets\\scripts\\manager": {
    "time": 1651746854927.6946,
    "uuid": "e9f7cee5-370a-493d-945a-b6cc27c01d37",
    "missing": false
  },
  "D:\\CocosProjects\\IO Game\\assets\\scripts\\logic.meta": {
    "time": 1648693455097.2676
  },
  "D:\\CocosProjects\\IO Game\\assets\\scripts\\logic": {
    "time": 1651746854917.7307,
    "uuid": "97a2cab6-c5f4-4311-9f25-072b3742632e",
    "missing": false
  },
  "D:\\CocosProjects\\IO Game\\assets\\scripts\\tool.meta": {
    "time": 1648693461894.7007
  },
  "D:\\CocosProjects\\IO Game\\assets\\scripts\\tool": {
    "time": 1651746854947.6936,
    "uuid": "4ab07d24-fa4d-4d14-83b6-605a6239a222",
    "missing": false
  },
  "D:\\CocosProjects\\IO Game\\assets\\scripts\\scene.meta": {
    "time": 1648693469687.0447
  },
  "D:\\CocosProjects\\IO Game\\assets\\scripts\\scene": {
    "time": 1651746854937.7273,
    "uuid": "c4355add-d0cd-45d6-ad66-1ff72a237909",
    "missing": false
  },
  "D:\\CocosProjects\\IO Game\\assets\\scripts\\manager\\SceneManager.ts.meta": {
    "time": 1648693527751.8628
  },
  "D:\\CocosProjects\\IO Game\\assets\\scripts\\manager\\SceneManager.ts": {
    "time": 1651802986722.0889,
    "uuid": "1a826e84-6bae-41ec-ac83-6e1286c56845",
    "missing": false
  },
  "D:\\CocosProjects\\IO Game\\assets\\scripts\\manager\\GameManager.ts.meta": {
    "time": 1648693649812.5186
  },
  "D:\\CocosProjects\\IO Game\\assets\\scripts\\manager\\GameManager.ts": {
    "time": 1651804981916.325,
    "uuid": "b41d7878-6d68-4d62-9274-05ed90e58c5f",
    "missing": false
  },
  "D:\\CocosProjects\\IO Game\\assets\\scripts\\manager\\ResourceManager.ts.meta": {
    "time": 1648693710690.8752
  },
  "D:\\CocosProjects\\IO Game\\assets\\scripts\\manager\\ResourceManager.ts": {
    "time": 1650594367165.3577,
    "uuid": "e1801f24-ec27-43e5-ad06-3f049049cc24",
    "missing": false
  },
  "D:\\CocosProjects\\IO Game\\assets\\resources\\prefab\\scene\\Login.prefab.meta": {
    "time": 1648693940359.8137
  },
  "D:\\CocosProjects\\IO Game\\assets\\resources\\prefab\\scene\\Login.prefab": {
    "time": 1651805994232.4224,
    "uuid": "dd858d61-dc45-41d6-89fe-b67c2ce17567",
    "missing": false
  },
  "D:\\CocosProjects\\IO Game\\assets\\resources\\prefab\\scene\\Main.prefab.meta": {
    "time": 1648693994227.4814
  },
  "D:\\CocosProjects\\IO Game\\assets\\resources\\prefab\\scene\\Main.prefab": {
    "time": 1651674364441.291,
    "uuid": "6f3b0b22-5711-499b-b0ce-9d1683e9541b",
    "missing": false
  },
  "D:\\CocosProjects\\IO Game\\assets\\resources\\prefab\\scene\\Game.prefab.meta": {
    "time": 1648694009222.873
  },
  "D:\\CocosProjects\\IO Game\\assets\\resources\\prefab\\scene\\Game.prefab": {
    "time": 1651717770754.5425,
    "uuid": "38fdf4f3-2f9d-4d24-9e47-5b4233f9bf10",
    "missing": false
  },
  "D:\\CocosProjects\\IO Game\\assets\\scripts\\tool\\network.ts.meta": {
    "time": 1648694433588.2878
  },
  "D:\\CocosProjects\\IO Game\\assets\\scripts\\tool\\network.ts": {
    "time": 1651552587144.105,
    "uuid": "9b577c32-0b0c-4286-bb69-c41a2cfec30a",
    "missing": false
  },
  "D:\\CocosProjects\\IO Game\\assets\\scripts\\tool\\cmdClient.ts.meta": {
    "time": 1648694438069.382
  },
  "D:\\CocosProjects\\IO Game\\assets\\scripts\\tool\\cmdClient.ts": {
    "time": 1650598039180.0508,
    "uuid": "699ce0db-f4a4-4797-ac1e-333b02411a72",
    "missing": false
  },
  "D:\\CocosProjects\\IO Game\\assets\\scripts\\manager\\NetManager.ts.meta": {
    "time": 1648694479277.1494
  },
  "D:\\CocosProjects\\IO Game\\assets\\scripts\\manager\\NetManager.ts": {
    "time": 1651806005078.2966,
    "uuid": "6669348b-c9ea-460b-b77e-2f3f24e07958",
    "missing": false
  },
  "D:\\CocosProjects\\IO Game\\assets\\scripts\\scene\\Login.ts.meta": {
    "time": 1648697650313.3594
  },
  "D:\\CocosProjects\\IO Game\\assets\\scripts\\scene\\Login.ts": {
    "time": 1651313422136.9502,
    "uuid": "ae277bba-5087-48ac-a2c2-4833678cd0b2",
    "missing": false
  },
  "D:\\CocosProjects\\IO Game\\assets\\scripts\\manager\\UIManager.ts.meta": {
    "time": 1648697806813.7554
  },
  "D:\\CocosProjects\\IO Game\\assets\\scripts\\manager\\UIManager.ts": {
    "time": 1648964953849.4678,
    "uuid": "755a8703-05d2-4640-9964-6cf0df132465",
    "missing": false
  },
  "D:\\CocosProjects\\IO Game\\assets\\scripts\\ui.meta": {
    "time": 1648698345540.7253
  },
  "D:\\CocosProjects\\IO Game\\assets\\scripts\\ui": {
    "time": 1651746854957.6934,
    "uuid": "6948a9e6-a7ef-445c-b0fa-545b190cf3db",
    "missing": false
  },
  "D:\\CocosProjects\\IO Game\\assets\\scripts\\ui\\UI.ts.meta": {
    "time": 1648698353552.7783
  },
  "D:\\CocosProjects\\IO Game\\assets\\scripts\\ui\\UI.ts": {
    "time": 1648698640457.1155,
    "uuid": "dbf38992-8759-4629-8db7-50e8ccdb8248",
    "missing": false
  },
  "D:\\CocosProjects\\IO Game\\assets\\scripts\\scene\\Main.ts.meta": {
    "time": 1648713046907.3376
  },
  "D:\\CocosProjects\\IO Game\\assets\\scripts\\scene\\Main.ts": {
    "time": 1651803938052.632,
    "uuid": "5eb889fc-3c84-4e28-b81b-d0c120749c64",
    "missing": false
  },
  "D:\\CocosProjects\\IO Game\\assets\\resources\\prefab\\object\\GroupPlayer.prefab.meta": {
    "time": 1648716188424.1873
  },
  "D:\\CocosProjects\\IO Game\\assets\\resources\\prefab\\object\\GroupPlayer.prefab": {
    "time": 1650071115000.0808,
    "uuid": "63a1b7cd-e7db-4b24-a931-7d57cdfcae22",
    "missing": false
  },
  "D:\\CocosProjects\\IO Game\\assets\\scripts\\manager\\MessageManager.ts.meta": {
    "time": 1648791286144.2305
  },
  "D:\\CocosProjects\\IO Game\\assets\\scripts\\manager\\MessageManager.ts": {
    "time": 1648791924678.912,
    "uuid": "95776215-ac59-469b-84f9-1396745beb9a",
    "missing": false
  },
  "D:\\CocosProjects\\IO Game\\assets\\resources\\prefab\\object\\Message0.prefab.meta": {
    "time": 1648791526952.6467
  },
  "D:\\CocosProjects\\IO Game\\assets\\resources\\prefab\\object\\Message0.prefab": {
    "time": 1650597584613.7031,
    "uuid": "d1249547-fd10-4098-9410-befa401bed20",
    "missing": false
  },
  "D:\\CocosProjects\\IO Game\\assets\\scripts\\ui\\Joystick.ts.meta": {
    "time": 1648802621307.131
  },
  "D:\\CocosProjects\\IO Game\\assets\\scripts\\ui\\Joystick.ts": {
    "time": 1651314997055.5466,
    "uuid": "a86de401-e587-4380-b4ea-59060e1bcc48",
    "missing": false
  },
  "D:\\CocosProjects\\IO Game\\assets\\scripts\\scene\\Game.ts.meta": {
    "time": 1648802894836.8367
  },
  "D:\\CocosProjects\\IO Game\\assets\\scripts\\scene\\Game.ts": {
    "time": 1651804489386.6536,
    "uuid": "864441ec-9e3a-4232-bf94-f7459bd74993",
    "missing": false
  },
  "D:\\CocosProjects\\IO Game\\assets\\scripts\\scene\\Logic.ts.meta": {
    "time": 1648802914508.221
  },
  "D:\\CocosProjects\\IO Game\\assets\\scripts\\scene\\Logic.ts": {
    "time": 1651805286345.9675,
    "uuid": "0fb25ed2-38f1-4efd-9468-31b35d74d2c2",
    "missing": false
  },
  "D:\\CocosProjects\\IO Game\\assets\\resources\\prefab\\object\\Player.prefab.meta": {
    "time": 1648950842527.099
  },
  "D:\\CocosProjects\\IO Game\\assets\\resources\\prefab\\object\\Player.prefab": {
    "time": 1651373516312.7798,
    "uuid": "d03d7bae-c183-4230-a038-4405c88de99d",
    "missing": false
  },
  "D:\\CocosProjects\\IO Game\\assets\\resources\\image\\object\\Sprite-0001.png.meta": {
    "time": 1648980121461.1997
  },
  "D:\\CocosProjects\\IO Game\\assets\\resources\\image\\object\\Sprite-0001.png": {
    "time": 1648980086247.2544,
    "uuid": "014bb741-58c4-41b4-9ad7-6347db42b321",
    "missing": false
  },
  "D:\\CocosProjects\\IO Game\\assets\\resources\\image\\object\\Sprite-0002.png.meta": {
    "time": 1648981094204.4658
  },
  "D:\\CocosProjects\\IO Game\\assets\\resources\\image\\object\\Sprite-0002.png": {
    "time": 1648981080886.541,
    "uuid": "ab8fdb97-cf3d-4139-847a-b08f1986f7aa",
    "missing": false
  },
  "D:\\CocosProjects\\IO Game\\assets\\resources\\prefab\\object\\LabelShow.prefab.meta": {
    "time": 1649154348793.6736
  },
  "D:\\CocosProjects\\IO Game\\assets\\resources\\prefab\\object\\LabelShow.prefab": {
    "time": 1650276808121.6333,
    "uuid": "41321c8f-5787-4ef6-b13e-635e94f953a1",
    "missing": false
  },
  "D:\\CocosProjects\\IO Game\\assets\\scripts\\logic\\lLabel.ts.meta": {
    "time": 1649155309125.013
  },
  "D:\\CocosProjects\\IO Game\\assets\\scripts\\logic\\lLabel.ts": {
    "time": 1650276740685.573,
    "uuid": "586b40b6-3491-4663-8285-563e99c096cc",
    "missing": false
  },
  "D:\\CocosProjects\\IO Game\\assets\\scripts\\logic\\lPlayer.ts.meta": {
    "time": 1648951041948.331
  },
  "D:\\CocosProjects\\IO Game\\assets\\scripts\\logic\\lPlayer.ts": {
    "time": 1651675739889.4353,
    "uuid": "9c8a983d-597c-487e-9422-b564e41edd24",
    "missing": false
  },
  "D:\\CocosProjects\\IO Game\\assets\\resources\\image\\object\\HpStrip.png.meta": {
    "time": 1649495159697.83
  },
  "D:\\CocosProjects\\IO Game\\assets\\resources\\image\\object\\HpStrip.png": {
    "time": 1649495135637.8176,
    "uuid": "cfa72f3c-a51d-4cc4-9f8b-541fa0b6f760",
    "missing": false
  },
  "D:\\CocosProjects\\IO Game\\assets\\resources\\image\\object\\HpBox.png.meta": {
    "time": 1649495159013.5583
  },
  "D:\\CocosProjects\\IO Game\\assets\\resources\\image\\object\\HpBox.png": {
    "time": 1649495139555.9788,
    "uuid": "7b622baa-a2d4-4089-a9fd-f37c4a1a3726",
    "missing": false
  },
  "D:\\CocosProjects\\IO Game\\assets\\resources\\prefab\\object\\Message1.prefab.meta": {
    "time": 1649315198546.783
  },
  "D:\\CocosProjects\\IO Game\\assets\\resources\\prefab\\object\\Message1.prefab": {
    "time": 1650508079278.0022,
    "uuid": "5c300488-c215-441a-8bbb-de5ba161821a",
    "missing": false
  },
  "D:\\CocosProjects\\IO Game\\assets\\scripts\\logic\\lMessage.ts.meta": {
    "time": 1649315407350.36
  },
  "D:\\CocosProjects\\IO Game\\assets\\scripts\\logic\\lMessage.ts": {
    "time": 1651045514509.979,
    "uuid": "02d44b2d-efaf-4f9a-906a-60d827390f3f",
    "missing": false
  },
  "D:\\CocosProjects\\IO Game\\assets\\resources\\prefab\\object\\Fruit.prefab.meta": {
    "time": 1649316784367.2168
  },
  "D:\\CocosProjects\\IO Game\\assets\\resources\\prefab\\object\\Fruit.prefab": {
    "time": 1649321708648.468,
    "uuid": "68e6607e-226c-4408-8fe1-c9949f24aa1c",
    "missing": false
  },
  "D:\\CocosProjects\\IO Game\\assets\\scripts\\logic\\lFruit.ts.meta": {
    "time": 1649316850793.3848
  },
  "D:\\CocosProjects\\IO Game\\assets\\scripts\\logic\\lFruit.ts": {
    "time": 1650940695576.4563,
    "uuid": "b536de87-06ab-4839-b00e-612fbec0a446",
    "missing": false
  },
  "D:\\CocosProjects\\IO Game\\assets\\resources\\image\\object\\ExperienceFruit.png.meta": {
    "time": 1649318367719.084
  },
  "D:\\CocosProjects\\IO Game\\assets\\resources\\image\\object\\ExperienceFruit.png": {
    "time": 1649318262675.4077,
    "uuid": "f9ec823a-c35f-4b70-9fe2-70d667959fb9",
    "missing": false
  },
  "D:\\CocosProjects\\IO Game\\assets\\resources\\image\\object\\HpFruit.png.meta": {
    "time": 1649318367720.0833
  },
  "D:\\CocosProjects\\IO Game\\assets\\resources\\image\\object\\HpFruit.png": {
    "time": 1649318091542.378,
    "uuid": "22f10672-a998-402f-a404-43cf13f1198c",
    "missing": false
  },
  "D:\\CocosProjects\\IO Game\\assets\\resources\\image\\object\\MpStrip.png.meta": {
    "time": 1649490478582.8308
  },
  "D:\\CocosProjects\\IO Game\\assets\\resources\\image\\object\\MpStrip.png": {
    "time": 1649219972254.3613,
    "uuid": "94c3d60c-fa53-4436-a319-6088fd9dd1e1",
    "missing": false
  },
  "D:\\CocosProjects\\IO Game\\assets\\resources\\image\\object\\MpFruit.png.meta": {
    "time": 1649490488617.2534
  },
  "D:\\CocosProjects\\IO Game\\assets\\resources\\image\\object\\MpFruit.png": {
    "time": 1649318338114.7817,
    "uuid": "4705fffe-a97f-492d-ab2d-ec8391c1c4f4",
    "missing": false
  },
  "D:\\CocosProjects\\IO Game\\assets\\resources\\image\\object\\MpBox.png.meta": {
    "time": 1649490495477.9043
  },
  "D:\\CocosProjects\\IO Game\\assets\\resources\\image\\object\\MpBox.png": {
    "time": 1649220067863.7031,
    "uuid": "0a28840e-9e39-414a-94bc-a90f09cafc29",
    "missing": false
  },
  "D:\\CocosProjects\\IO Game\\assets\\resources\\image\\object\\hitman1_hold.png.meta": {
    "time": 1649564405012.5488
  },
  "D:\\CocosProjects\\IO Game\\assets\\resources\\image\\object\\hitman1_hold.png": {
    "time": 1649564362133.207,
    "uuid": "ab5c795a-cf15-4ee5-a5dd-2fdb0a9ca98d",
    "missing": false
  },
  "D:\\CocosProjects\\IO Game\\assets\\resources\\image\\object\\splat29.png.meta": {
    "time": 1649567085685.8936
  },
  "D:\\CocosProjects\\IO Game\\assets\\resources\\image\\object\\splat29.png": {
    "time": 1647432128787.5383,
    "uuid": "b148426c-67dc-46b5-9b1f-ed68dbc6baa4",
    "missing": false
  },
  "D:\\CocosProjects\\IO Game\\assets\\resources\\image\\ui\\button.meta": {
    "time": 1649992162915.525
  },
  "D:\\CocosProjects\\IO Game\\assets\\resources\\image\\ui\\button": {
    "time": 1651746854813.9846,
    "uuid": "552aa3ca-4c47-42e2-b897-2045fecbb3e0",
    "missing": false
  },
  "D:\\CocosProjects\\IO Game\\assets\\resources\\image\\ui\\button\\Button0.png.meta": {
    "time": 1649988529493.6365
  },
  "D:\\CocosProjects\\IO Game\\assets\\resources\\image\\ui\\button\\Button0.png": {
    "time": 1649988510778.7605,
    "uuid": "c8f6295e-f46e-4bac-be88-72dcc9a9e026",
    "missing": false
  },
  "D:\\CocosProjects\\IO Game\\assets\\resources\\image\\ui\\button\\ButtonSkill0.png.meta": {
    "time": 1649989440607.098
  },
  "D:\\CocosProjects\\IO Game\\assets\\resources\\image\\ui\\button\\ButtonSkill0.png": {
    "time": 1649989403477.2202,
    "uuid": "b80d3e93-e88f-48d2-8a0f-f62495ecd025",
    "missing": false
  },
  "D:\\CocosProjects\\IO Game\\assets\\resources\\image\\ui\\button\\Chassis.png.meta": {
    "time": 1649987868599.0154
  },
  "D:\\CocosProjects\\IO Game\\assets\\resources\\image\\ui\\button\\Chassis.png": {
    "time": 1649987824685.2732,
    "uuid": "28cb25e7-324d-4447-9fdf-65fe9202f151",
    "missing": false
  },
  "D:\\CocosProjects\\IO Game\\assets\\resources\\image\\ui\\button\\Rocker.png.meta": {
    "time": 1649987868600.013
  },
  "D:\\CocosProjects\\IO Game\\assets\\resources\\image\\ui\\button\\Rocker.png": {
    "time": 1649990577831.1506,
    "uuid": "721f5248-d6fe-4bd8-9674-3d6d6bd2f92b",
    "missing": false
  },
  "D:\\CocosProjects\\IO Game\\assets\\resources\\image\\ui\\editbox.meta": {
    "time": 1649992180624.571
  },
  "D:\\CocosProjects\\IO Game\\assets\\resources\\image\\ui\\editbox": {
    "time": 1651746854813.9846,
    "uuid": "71576c90-cc76-4939-8c6b-a851f7b59874",
    "missing": false
  },
  "D:\\CocosProjects\\IO Game\\assets\\resources\\image\\ui\\editbox\\EditBox0.png.meta": {
    "time": 1649990816313.106
  },
  "D:\\CocosProjects\\IO Game\\assets\\resources\\image\\ui\\editbox\\EditBox0.png": {
    "time": 1649991553223.8762,
    "uuid": "5379e4ae-404f-4545-8d1d-eac55371317c",
    "missing": false
  },
  "D:\\CocosProjects\\IO Game\\assets\\resources\\image\\ui\\show.meta": {
    "time": 1649992189030.375
  },
  "D:\\CocosProjects\\IO Game\\assets\\resources\\image\\ui\\show": {
    "time": 1651746854833.937,
    "uuid": "08dc72bc-f205-4be7-8415-368f6d98d5ae",
    "missing": false
  },
  "D:\\CocosProjects\\IO Game\\assets\\resources\\image\\ui\\show\\Strip.png.meta": {
    "time": 1649989632373.714
  },
  "D:\\CocosProjects\\IO Game\\assets\\resources\\image\\ui\\show\\Strip.png": {
    "time": 1649989621789.0862,
    "uuid": "3f78fd24-687a-426b-aedd-42cd90f1f736",
    "missing": false
  },
  "D:\\CocosProjects\\IO Game\\assets\\resources\\image\\background.meta": {
    "time": 1649992203007.2869
  },
  "D:\\CocosProjects\\IO Game\\assets\\resources\\image\\background": {
    "time": 1651746854753.9373,
    "uuid": "890f692e-69ab-4cf9-a937-cb61294150af",
    "missing": false
  },
  "D:\\CocosProjects\\IO Game\\assets\\resources\\image\\background\\backgroundColorGrass.png.meta": {
    "time": 1649992227346.765
  },
  "D:\\CocosProjects\\IO Game\\assets\\resources\\image\\background\\backgroundColorGrass.png": {
    "time": 1551191590087.222,
    "uuid": "9e5dce92-85f6-4d8c-aa2a-9eb0f36259a2",
    "missing": false
  },
  "D:\\CocosProjects\\IO Game\\assets\\resources\\image\\background\\backgroundEmpty.png.meta": {
    "time": 1649992227347.7625
  },
  "D:\\CocosProjects\\IO Game\\assets\\resources\\image\\background\\backgroundEmpty.png": {
    "time": 1551191597524.8066,
    "uuid": "c31ebdee-68b7-4aa3-b291-23405cd2c8e5",
    "missing": false
  },
  "D:\\CocosProjects\\IO Game\\assets\\resources\\image\\background\\backgroundColorForest.png.meta": {
    "time": 1649992227345.797
  },
  "D:\\CocosProjects\\IO Game\\assets\\resources\\image\\background\\backgroundColorForest.png": {
    "time": 1551191591906.1743,
    "uuid": "cb99d0ee-b24e-4e41-9fdf-a101d53158b1",
    "missing": false
  },
  "D:\\CocosProjects\\IO Game\\assets\\resources\\image\\background\\backgroundColorDesert.png.meta": {
    "time": 1649992450326.9043
  },
  "D:\\CocosProjects\\IO Game\\assets\\resources\\image\\background\\backgroundColorDesert.png": {
    "time": 1551191595620.861,
    "uuid": "a079e44b-e6d4-468c-836d-0e48d266159c",
    "missing": false
  },
  "D:\\CocosProjects\\IO Game\\assets\\resources\\image\\ui\\show\\GroupPlayer.png.meta": {
    "time": 1649992829989.7595
  },
  "D:\\CocosProjects\\IO Game\\assets\\resources\\image\\ui\\show\\GroupPlayer.png": {
    "time": 1649992810331.9739,
    "uuid": "f2b1166a-51bf-449f-95b5-fe28d5dedafb",
    "missing": false
  },
  "D:\\CocosProjects\\IO Game\\assets\\resources\\image\\ui\\show\\shaded_medal1.png.meta": {
    "time": 1649993252902.504
  },
  "D:\\CocosProjects\\IO Game\\assets\\resources\\image\\ui\\show\\shaded_medal1.png": {
    "time": 1368982294006.9827,
    "uuid": "5763989b-51ad-476e-ae8a-adb42a72790f",
    "missing": false
  },
  "D:\\CocosProjects\\IO Game\\assets\\resources\\image\\ui\\show\\shaded_medal3.png.meta": {
    "time": 1649993252904.4978
  },
  "D:\\CocosProjects\\IO Game\\assets\\resources\\image\\ui\\show\\shaded_medal3.png": {
    "time": 1368982293999.9768,
    "uuid": "2c178110-72f1-4651-8956-3b88bae86bc2",
    "missing": false
  },
  "D:\\CocosProjects\\IO Game\\assets\\resources\\image\\ui\\show\\shaded_medal2.png.meta": {
    "time": 1649993252903.5007
  },
  "D:\\CocosProjects\\IO Game\\assets\\resources\\image\\ui\\show\\shaded_medal2.png": {
    "time": 1368982293998.9758,
    "uuid": "1510a709-9171-4820-98c3-ec0af4fb5f46",
    "missing": false
  },
  "D:\\CocosProjects\\IO Game\\assets\\resources\\image\\background\\backgroundForest.png.meta": {
    "time": 1649993599129.1372
  },
  "D:\\CocosProjects\\IO Game\\assets\\resources\\image\\background\\backgroundForest.png": {
    "time": 1551191599345.7517,
    "uuid": "f8b31e79-967c-40ac-a37c-e6cbeb3dc39b",
    "missing": false
  },
  "D:\\CocosProjects\\IO Game\\assets\\resources\\image\\background\\backgroundDesert.png.meta": {
    "time": 1649993670833.7542
  },
  "D:\\CocosProjects\\IO Game\\assets\\resources\\image\\background\\backgroundDesert.png": {
    "time": 1551191604022.6155,
    "uuid": "cdfa0fe4-127c-46f2-aded-e34e14b70a29",
    "missing": false
  },
  "D:\\CocosProjects\\IO Game\\assets\\resources\\image\\ui\\show\\RankingBox.png.meta": {
    "time": 1649994135435.3906
  },
  "D:\\CocosProjects\\IO Game\\assets\\resources\\image\\ui\\show\\RankingBox.png": {
    "time": 1649994119064.756,
    "uuid": "4167a250-4123-41e7-926e-b6e9bd000199",
    "missing": false
  },
  "D:\\CocosProjects\\IO Game\\assets\\resources\\image\\background\\backgroundColorFall.png.meta": {
    "time": 1650008999045.0957
  },
  "D:\\CocosProjects\\IO Game\\assets\\resources\\image\\background\\backgroundColorFall.png": {
    "time": 1551191593487.6504,
    "uuid": "422acfb0-89c5-462e-9beb-28599a765a36",
    "missing": false
  },
  "D:\\CocosProjects\\IO Game\\assets\\resources\\image\\ui\\use.meta": {
    "time": 1650069506697.9224
  },
  "D:\\CocosProjects\\IO Game\\assets\\resources\\image\\ui\\use": {
    "time": 1651746854853.938,
    "uuid": "f66f69f5-0157-4c1e-a72c-81bfef1a3e1a",
    "missing": false
  },
  "D:\\CocosProjects\\IO Game\\assets\\resources\\image\\ui\\use\\user1.png.meta": {
    "time": 1650072160444.4148
  },
  "D:\\CocosProjects\\IO Game\\assets\\resources\\image\\ui\\use\\user1.png": {
    "time": 1426693857270.8147,
    "uuid": "8d1c31ca-293d-420f-841c-14b394d44e24",
    "missing": false
  },
  "D:\\CocosProjects\\IO Game\\assets\\resources\\image\\ui\\use\\user2.png.meta": {
    "time": 1650072163995.9763
  },
  "D:\\CocosProjects\\IO Game\\assets\\resources\\image\\ui\\use\\user2.png": {
    "time": 1426693857246.792,
    "uuid": "63a96078-7df7-4dc6-ae16-731bb00403e6",
    "missing": false
  },
  "D:\\CocosProjects\\IO Game\\assets\\resources\\image\\ui\\use\\user0.png.meta": {
    "time": 1650072168201.8694
  },
  "D:\\CocosProjects\\IO Game\\assets\\resources\\image\\ui\\use\\user0.png": {
    "time": 1426693857212.7598,
    "uuid": "1b4edefa-dda1-4e80-8c31-12d39174ca11",
    "missing": false
  },
  "D:\\CocosProjects\\IO Game\\assets\\resources\\image\\ui\\use\\user3.png.meta": {
    "time": 1650072171673.2488
  },
  "D:\\CocosProjects\\IO Game\\assets\\resources\\image\\ui\\use\\user3.png": {
    "time": 1426693857171.7202,
    "uuid": "2bbb17c7-7bb2-4145-96c8-e07764a4b14b",
    "missing": false
  },
  "D:\\CocosProjects\\IO Game\\assets\\resources\\image\\ui\\use\\user4.png.meta": {
    "time": 1650072176031.1257
  },
  "D:\\CocosProjects\\IO Game\\assets\\resources\\image\\ui\\use\\user4.png": {
    "time": 1426693857185.7344,
    "uuid": "c8fd44bd-8752-4a4a-9920-3e9bc8770310",
    "missing": false
  },
  "D:\\CocosProjects\\IO Game\\assets\\resources\\image\\ui\\use\\user5.png.meta": {
    "time": 1650072179508.4333
  },
  "D:\\CocosProjects\\IO Game\\assets\\resources\\image\\ui\\use\\user5.png": {
    "time": 1426693857225.7722,
    "uuid": "ddbe59d9-9479-4dd7-b560-b3ba87ae1f0a",
    "missing": false
  },
  "D:\\CocosProjects\\IO Game\\assets\\resources\\prefab\\object\\UserPlayer.prefab.meta": {
    "time": 1650072312788.8777
  },
  "D:\\CocosProjects\\IO Game\\assets\\resources\\prefab\\object\\UserPlayer.prefab": {
    "time": 1650597113506.2583,
    "uuid": "7c5cb16b-d245-48ff-b472-eb5697f1e81c",
    "missing": false
  },
  "D:\\CocosProjects\\IO Game\\assets\\scripts\\ui\\UserPlayer.ts.meta": {
    "time": 1650072434426.9978
  },
  "D:\\CocosProjects\\IO Game\\assets\\scripts\\ui\\UserPlayer.ts": {
    "time": 1650609336671.9272,
    "uuid": "c607717e-f089-44da-929e-ead01b14bce1",
    "missing": false
  },
  "D:\\CocosProjects\\IO Game\\assets\\resources\\image\\ui\\use\\user6.png.meta": {
    "time": 1650074668395.5667
  },
  "D:\\CocosProjects\\IO Game\\assets\\resources\\image\\ui\\use\\user6.png": {
    "time": 1426693857157.7073,
    "uuid": "fe2d3c7b-2d58-4bcf-ae25-88dabc4beb98",
    "missing": false
  },
  "D:\\CocosProjects\\IO Game\\assets\\resources\\image\\ui\\use\\user7.png.meta": {
    "time": 1650074661374.3835
  },
  "D:\\CocosProjects\\IO Game\\assets\\resources\\image\\ui\\use\\user7.png": {
    "time": 1426693857198.7456,
    "uuid": "b702a482-5c0f-4b3b-88d5-35a2729f1ac6",
    "missing": false
  },
  "D:\\CocosProjects\\IO Game\\assets\\resources\\image\\ui\\use\\user8.png.meta": {
    "time": 1650074656515.8198
  },
  "D:\\CocosProjects\\IO Game\\assets\\resources\\image\\ui\\use\\user8.png": {
    "time": 1426693857236.7827,
    "uuid": "1294eeed-281d-4d04-b6e7-4a3ae463d807",
    "missing": false
  },
  "D:\\CocosProjects\\IO Game\\assets\\resources\\image\\ui\\use\\user9.png.meta": {
    "time": 1650074651005.7363
  },
  "D:\\CocosProjects\\IO Game\\assets\\resources\\image\\ui\\use\\user9.png": {
    "time": 1426693857256.8018,
    "uuid": "84f85a44-8244-46f6-bbbe-362c773b5cd1",
    "missing": false
  },
  "D:\\CocosProjects\\IO Game\\assets\\resources\\image\\ui\\use\\user10.jpeg.meta": {
    "time": 1650075268790.2727
  },
  "D:\\CocosProjects\\IO Game\\assets\\resources\\image\\ui\\use\\user10.jpeg": {
    "time": 1650075211146.5977,
    "uuid": "6a055bf3-f868-43e1-a82a-36c6ef867411",
    "missing": false
  },
  "D:\\CocosProjects\\IO Game\\assets\\resources\\image\\ui\\use\\user11.jpg.meta": {
    "time": 1650075556513.5579
  },
  "D:\\CocosProjects\\IO Game\\assets\\resources\\image\\ui\\use\\user11.jpg": {
    "time": 1650075538255.7698,
    "uuid": "5c723875-7156-478d-b19f-592f24f2eeaa",
    "missing": false
  },
  "D:\\CocosProjects\\IO Game\\assets\\resources\\image\\ui\\show\\Coin0.png.meta": {
    "time": 1650207242169.179
  },
  "D:\\CocosProjects\\IO Game\\assets\\resources\\image\\ui\\show\\Coin0.png": {
    "time": 1650679575946.2737,
    "uuid": "88ff571d-331c-457c-ae25-1b412f90e54c",
    "missing": false
  },
  "D:\\CocosProjects\\IO Game\\assets\\scripts\\manager\\AudioManager.ts.meta": {
    "time": 1650272621597.5132
  },
  "D:\\CocosProjects\\IO Game\\assets\\scripts\\manager\\AudioManager.ts": {
    "time": 1650276616881.3662,
    "uuid": "5c12a295-d12a-424f-b20d-821e40ea8857",
    "missing": false
  },
  "D:\\CocosProjects\\IO Game\\assets\\resources\\audio.meta": {
    "time": 1650272698187.6687
  },
  "D:\\CocosProjects\\IO Game\\assets\\resources\\audio": {
    "time": 1651746854733.9375,
    "uuid": "958f0893-c6e0-4232-88fc-98dfd9acf01f",
    "missing": false
  },
  "D:\\CocosProjects\\IO Game\\assets\\resources\\audio\\attack.wav.meta": {
    "time": 1650273931287.1921
  },
  "D:\\CocosProjects\\IO Game\\assets\\resources\\audio\\skillb.wav.meta": {
    "time": 1650273931295.138
  },
  "D:\\CocosProjects\\IO Game\\assets\\resources\\audio\\skilla.wav.meta": {
    "time": 1650273931304.1135
  },
  "D:\\CocosProjects\\IO Game\\assets\\resources\\audio\\attack.wav": {
    "time": 1650276243105.9185,
    "uuid": "f99ee5f6-24a1-4c2b-b814-b41ae27ec50d",
    "missing": false
  },
  "D:\\CocosProjects\\IO Game\\assets\\resources\\audio\\skillb.wav": {
    "time": 1650276406235.969,
    "uuid": "a59a39d3-e40b-4289-a88d-aceb87df9e4c",
    "missing": false
  },
  "D:\\CocosProjects\\IO Game\\assets\\resources\\audio\\skilla.wav": {
    "time": 1650275969031.152,
    "uuid": "d26f9bc8-db7c-4482-8fc9-8b7c5d9f80da",
    "missing": false
  },
  "D:\\CocosProjects\\IO Game\\assets\\scripts\\logic\\lAudio.ts.meta": {
    "time": 1650274057429.7515
  },
  "D:\\CocosProjects\\IO Game\\assets\\scripts\\logic\\lAudio.ts": {
    "time": 1650274255802.059,
    "uuid": "813568ca-7117-4016-b702-393b217b9ade",
    "missing": false
  },
  "D:\\CocosProjects\\IO Game\\assets\\resources\\audio\\heal.wav.meta": {
    "time": 1650274852877.8572
  },
  "D:\\CocosProjects\\IO Game\\assets\\resources\\audio\\heal.wav": {
    "time": 1650276110017.0264,
    "uuid": "89bdecd0-8250-4f01-b03b-c00f7855abb2",
    "missing": false
  },
  "D:\\CocosProjects\\IO Game\\assets\\resources\\audio\\beat.wav.meta": {
    "time": 1650276907707.8801
  },
  "D:\\CocosProjects\\IO Game\\assets\\resources\\audio\\beat.wav": {
    "time": 1650276898004.4214,
    "uuid": "4d806ebb-a3ab-41c3-9fd5-ca2a1fd566a1",
    "missing": false
  },
  "D:\\CocosProjects\\IO Game\\assets\\resources\\prefab\\object\\PointPlayer.prefab.meta": {
    "time": 1650337598418.1885
  },
  "D:\\CocosProjects\\IO Game\\assets\\resources\\prefab\\object\\PointPlayer.prefab": {
    "time": 1651476941564.2314,
    "uuid": "7040487c-0fc6-4342-8670-08abe46c4f28",
    "missing": false
  },
  "D:\\CocosProjects\\IO Game\\assets\\resources\\image\\object\\sprite_0099.png.meta": {
    "time": 1650362912026.2876
  },
  "D:\\CocosProjects\\IO Game\\assets\\resources\\image\\object\\sprite_0099.png": {
    "time": 1581169854383.5742,
    "uuid": "aa22940d-a830-4818-adb1-e6913b21e3e4",
    "missing": false
  },
  "D:\\CocosProjects\\IO Game\\assets\\resources\\image\\background\\colored_desert.png.meta": {
    "time": 1650364785214.7332
  },
  "D:\\CocosProjects\\IO Game\\assets\\resources\\image\\background\\colored_desert.png": {
    "time": 1423058792652.9832,
    "uuid": "eda58e43-ba51-4f44-928c-bb54afc7a367",
    "missing": false
  },
  "D:\\CocosProjects\\IO Game\\assets\\resources\\prefab\\object\\Collide.prefab.meta": {
    "time": 1650434946442.719
  },
  "D:\\CocosProjects\\IO Game\\assets\\resources\\prefab\\object\\Collide.prefab": {
    "time": 1650619006426.0747,
    "uuid": "6e80b5c8-af9e-4653-af16-a8dfd47ab012",
    "missing": false
  },
  "D:\\CocosProjects\\IO Game\\assets\\scripts\\object.meta": {
    "time": 1650434968593.0479
  },
  "D:\\CocosProjects\\IO Game\\assets\\scripts\\object": {
    "time": 1651746854937.7273,
    "uuid": "062a877d-2e9d-401f-a965-83e490dad4e4",
    "missing": false
  },
  "D:\\CocosProjects\\IO Game\\assets\\scripts\\object\\Collide.ts.meta": {
    "time": 1650434986772.8762
  },
  "D:\\CocosProjects\\IO Game\\assets\\scripts\\object\\Collide.ts": {
    "time": 1650439289700.6533,
    "uuid": "57f067b2-d037-431c-b051-ae4352af51e4",
    "missing": false
  },
  "D:\\CocosProjects\\IO Game\\assets\\resources\\image\\map.meta": {
    "time": 1650436520517.5198
  },
  "D:\\CocosProjects\\IO Game\\assets\\resources\\image\\map": {
    "time": 1651746854773.9429,
    "uuid": "a748b9dc-2adc-4d4a-891e-ecbbd0feba60",
    "missing": false
  },
  "D:\\CocosProjects\\IO Game\\assets\\resources\\image\\map\\map0.meta": {
    "time": 1650436527395.1252
  },
  "D:\\CocosProjects\\IO Game\\assets\\resources\\image\\map\\map0": {
    "time": 1651746854773.9429,
    "uuid": "219d4969-5d1e-4787-b3c0-cd7c41b1fa1a",
    "missing": false
  },
  "D:\\CocosProjects\\IO Game\\assets\\resources\\prefab\\object\\Map0.prefab.meta": {
    "time": 1650436798210.189
  },
  "D:\\CocosProjects\\IO Game\\assets\\resources\\prefab\\object\\Map0.prefab": {
    "time": 1650441597554.47,
    "uuid": "bed52f2d-53a5-4476-a5e3-c0db373e7940",
    "missing": false
  },
  "D:\\CocosProjects\\IO Game\\assets\\resources\\image\\map\\map0\\map0_2.png.meta": {
    "time": 1650441566473.036
  },
  "D:\\CocosProjects\\IO Game\\assets\\resources\\image\\map\\map0\\map0_1.png.meta": {
    "time": 1650441566474.0413
  },
  "D:\\CocosProjects\\IO Game\\assets\\resources\\image\\map\\map0\\map0_4.png.meta": {
    "time": 1650441566471.0422
  },
  "D:\\CocosProjects\\IO Game\\assets\\resources\\image\\map\\map0\\map0_3.png.meta": {
    "time": 1650441566472.039
  },
  "D:\\CocosProjects\\IO Game\\assets\\resources\\image\\map\\map0\\map0_2.png": {
    "time": 1650441521996.3794,
    "uuid": "7fbf2730-0f68-489c-8d68-641b615c98c5",
    "missing": false
  },
  "D:\\CocosProjects\\IO Game\\assets\\resources\\image\\map\\map0\\map0_1.png": {
    "time": 1650441521886.336,
    "uuid": "acd5bf41-690b-4646-824d-abc2ae2ed8fd",
    "missing": false
  },
  "D:\\CocosProjects\\IO Game\\assets\\resources\\image\\map\\map0\\map0_4.png": {
    "time": 1650441522275.425,
    "uuid": "00a90f8e-36c8-4187-850a-c77740fd6893",
    "missing": false
  },
  "D:\\CocosProjects\\IO Game\\assets\\resources\\image\\map\\map0\\map0_3.png": {
    "time": 1650441522133.06,
    "uuid": "b6f973b3-0532-490e-8a7d-7f6ef3836280",
    "missing": false
  },
  "D:\\CocosProjects\\IO Game\\assets\\resources\\prefab\\object\\Message2.prefab.meta": {
    "time": 1650514399828.3035
  },
  "D:\\CocosProjects\\IO Game\\assets\\resources\\prefab\\object\\Message2.prefab": {
    "time": 1651044935776.5886,
    "uuid": "3411ebef-db15-48fe-a87d-36f97c9c3208",
    "missing": false
  },
  "D:\\CocosProjects\\IO Game\\assets\\scripts\\tool\\Sensitive.ts.meta": {
    "time": 1650611743257.392
  },
  "D:\\CocosProjects\\IO Game\\assets\\scripts\\tool\\Sensitive.ts": {
    "time": 1650704615307.2192,
    "uuid": "1341268c-78ce-4e8a-a17b-22222301cede",
    "missing": false
  },
  "D:\\CocosProjects\\IO Game\\assets\\resources\\json.meta": {
    "time": 1650618369471.6182
  },
  "D:\\CocosProjects\\IO Game\\assets\\resources\\json": {
    "time": 1651746854873.9373,
    "uuid": "1cd994a3-a700-4c9e-8e34-a2c59377a2fc",
    "missing": false
  },
  "D:\\CocosProjects\\IO Game\\assets\\resources\\json\\sensitive_word.json.meta": {
    "time": 1650618394099.2422
  },
  "D:\\CocosProjects\\IO Game\\assets\\resources\\json\\sensitive_word.json": {
    "time": 1650618339368.9285,
    "uuid": "0b979273-1c31-4f06-b295-7dfef8baf8a1",
    "missing": false
  },
  "D:\\CocosProjects\\IO Game\\assets\\resources\\image\\ui\\show\\Gemstone0.png.meta": {
    "time": 1650679476254.534
  },
  "D:\\CocosProjects\\IO Game\\assets\\resources\\image\\ui\\show\\Gemstone0.png": {
    "time": 1650679436508.0347,
    "uuid": "dfd535c7-70df-42ed-8264-25830f51a9d2",
    "missing": false
  },
  "D:\\CocosProjects\\IO Game\\assets\\resources\\prefab\\object\\Gift.prefab.meta": {
    "time": 1650780463345.92
  },
  "D:\\CocosProjects\\IO Game\\assets\\resources\\prefab\\object\\Gift.prefab": {
    "time": 1650784022335.85,
    "uuid": "e5d85ae3-47ed-4708-9001-922660788d7f",
    "missing": false
  },
  "D:\\CocosProjects\\IO Game\\assets\\scripts\\logic\\lBullet.ts.meta": {
    "time": 1648968236021.942
  },
  "D:\\CocosProjects\\IO Game\\assets\\scripts\\logic\\lBullet.ts": {
    "time": 1651752829873.6565,
    "uuid": "ba105b88-fbb9-4c81-97b8-39221aa9e036",
    "missing": false
  },
  "D:\\CocosProjects\\IO Game\\assets\\resources\\prefab\\object\\Bullet.prefab.meta": {
    "time": 1650939289275.8037
  },
  "D:\\CocosProjects\\IO Game\\assets\\resources\\prefab\\object\\Bullet.prefab": {
    "time": 1651312429177.5078,
    "uuid": "72bbbae1-8014-490b-b26d-464d220aa903",
    "missing": false
  },
  "D:\\CocosProjects\\IO Game\\assets\\resources\\image\\object\\SkillFruit.png.meta": {
    "time": 1650940408521.673
  },
  "D:\\CocosProjects\\IO Game\\assets\\resources\\image\\object\\SkillFruit.png": {
    "time": 1462177460000,
    "uuid": "a05e2e6c-53d6-4fc9-8e2a-331435dedae1",
    "missing": false
  },
  "D:\\CocosProjects\\IO Game\\assets\\resources\\prefab\\object\\SkillFruit.prefab.meta": {
    "time": 1650957215957.8298
  },
  "D:\\CocosProjects\\IO Game\\assets\\resources\\prefab\\object\\SkillFruit.prefab": {
    "time": 1651046124320.3196,
    "uuid": "3a413dc0-8a5f-4011-ba3b-aaec5e1452ef",
    "missing": false
  },
  "D:\\CocosProjects\\IO Game\\assets\\resources\\image\\ui\\show\\ChatBox.png.meta": {
    "time": 1651039471935.2903
  },
  "D:\\CocosProjects\\IO Game\\assets\\resources\\image\\ui\\show\\ChatBox.png": {
    "time": 1651039464996.2642,
    "uuid": "7aaae5f5-744c-4aa5-9f17-dad56c7ff297",
    "missing": false
  },
  "D:\\CocosProjects\\IO Game\\assets\\scripts\\manager\\PoolManager.ts.meta": {
    "time": 1651041819916.087
  },
  "D:\\CocosProjects\\IO Game\\assets\\scripts\\manager\\PoolManager.ts": {
    "time": 1651208361976.0217,
    "uuid": "9a30b2ea-4501-4904-b588-08f93553d74f",
    "missing": false
  },
  "D:\\CocosProjects\\IO Game\\assets\\scripts\\tool\\DeviceModule.ts.meta": {
    "time": 1651050738994.9216
  },
  "D:\\CocosProjects\\IO Game\\assets\\scripts\\tool\\DeviceModule.ts": {
    "time": 1651129758236.9495,
    "uuid": "49273a2c-f403-40e4-9387-d76ecf2fc1fb",
    "missing": false
  },
  "D:\\CocosProjects\\IO Game\\assets\\scripts\\tool\\Global.ts.meta": {
    "time": 1651133677500.1787
  },
  "D:\\CocosProjects\\IO Game\\assets\\scripts\\tool\\Global.ts": {
    "time": 1651134067589.1558,
    "uuid": "dd6af10e-3abc-4f19-8df9-05ca93f212ba",
    "missing": false
  },
  "D:\\CocosProjects\\IO Game\\assets\\scripts\\logic\\lSkill.ts.meta": {
    "time": 1651198570109.6323
  },
  "D:\\CocosProjects\\IO Game\\assets\\scripts\\logic\\lSkill.ts": {
    "time": 1651673662545.135,
    "uuid": "84f1a1fd-ef1f-45e9-9046-5ffca50a92ef",
    "missing": false
  },
  "D:\\CocosProjects\\IO Game\\assets\\resources\\prefab\\object\\ButtonSkill.prefab.meta": {
    "time": 1651200802184.9336
  },
  "D:\\CocosProjects\\IO Game\\assets\\resources\\prefab\\object\\ButtonSkill.prefab": {
    "time": 1651202246221.881,
    "uuid": "f9f0fe72-2296-4210-85db-4d794724272f",
    "missing": false
  },
  "D:\\CocosProjects\\IO Game\\assets\\scripts\\ui\\ButtonSkill.ts.meta": {
    "time": 1651202024113.9568
  },
  "D:\\CocosProjects\\IO Game\\assets\\scripts\\ui\\ButtonSkill.ts": {
    "time": 1651202176141.1648,
    "uuid": "ed2977ab-2f63-4b8d-ae20-5ef43cdc4804",
    "missing": false
  },
  "D:\\CocosProjects\\IO Game\\assets\\resources\\prefab\\object\\LabelValue.prefab.meta": {
    "time": 1651284891937.1875
  },
  "D:\\CocosProjects\\IO Game\\assets\\resources\\prefab\\object\\LabelValue.prefab": {
    "time": 1651286655536.4055,
    "uuid": "c7907b44-d992-4332-b6d2-563c42e4d03f",
    "missing": false
  },
  "D:\\CocosProjects\\IO Game\\assets\\resources\\image\\object\\Player0.png.meta": {
    "time": 1651311266245.6382
  },
  "D:\\CocosProjects\\IO Game\\assets\\resources\\image\\object\\Player0.png": {
    "time": 1644213026000,
    "uuid": "c651bf21-c070-4999-8859-37e2915f7441",
    "missing": false
  },
  "D:\\CocosProjects\\IO Game\\assets\\resources\\image\\object\\Player1.png.meta": {
    "time": 1651311266247.641
  },
  "D:\\CocosProjects\\IO Game\\assets\\resources\\image\\object\\Player1.png": {
    "time": 1644213148000,
    "uuid": "363b0c14-c6d5-4500-97b8-078e6f7e2ed6",
    "missing": false
  },
  "D:\\CocosProjects\\IO Game\\assets\\resources\\image\\object\\Player2.png.meta": {
    "time": 1651311266247.754
  },
  "D:\\CocosProjects\\IO Game\\assets\\resources\\image\\object\\Player2.png": {
    "time": 1644213224000,
    "uuid": "7e6fc0ad-3d5f-47d9-82b2-0fd94024f1fc",
    "missing": false
  },
  "D:\\CocosProjects\\IO Game\\assets\\resources\\image\\object\\Bullet0.png.meta": {
    "time": 1651311636702.823
  },
  "D:\\CocosProjects\\IO Game\\assets\\resources\\image\\object\\Bullet0.png": {
    "time": 1644223992000,
    "uuid": "f4a09589-be5d-4d14-bcd7-029c50393e5e",
    "missing": false
  },
  "D:\\CocosProjects\\IO Game\\assets\\resources\\image\\object\\Bullet1.png.meta": {
    "time": 1651311636703.8484
  },
  "D:\\CocosProjects\\IO Game\\assets\\resources\\image\\object\\Bullet1.png": {
    "time": 1644223898000,
    "uuid": "e3baa70d-4a22-4c14-a2f8-076f12d6254f",
    "missing": false
  },
  "D:\\CocosProjects\\IO Game\\assets\\resources\\image\\object\\Bullet2.png.meta": {
    "time": 1651311636705.2544
  },
  "D:\\CocosProjects\\IO Game\\assets\\resources\\image\\object\\Bullet2.png": {
    "time": 1644224150000,
    "uuid": "3fe900de-f816-49ca-beb4-bc72d18cfd86",
    "missing": false
  },
  "D:\\CocosProjects\\IO Game\\assets\\resources\\image\\ui\\show\\Direction.png.meta": {
    "time": 1651373453804.8193
  },
  "D:\\CocosProjects\\IO Game\\assets\\resources\\image\\ui\\show\\Direction.png": {
    "time": 1651373447630.2043,
    "uuid": "c535e3ef-6611-4e88-9bd9-fa8510b697b0",
    "missing": false
  }
}
