[
  {
    "__type__": "cc.Prefab",
    "_name": "",
    "_objFlags": 0,
    "_native": "",
    "data": {
      "__id__": 1
    },
    "optimizationPolicy": 0,
    "persistent": false,
    "asyncLoadAssets": false
  },
  {
    "__type__": "cc.Node",
    "_name": "GroupPlayer",
    "_objFlags": 0,
    "__editorExtras__": {},
    "_parent": null,
    "_children": [
      {
        "__id__": 2
      },
      {
        "__id__": 16
      }
    ],
    "_active": true,
    "_components": [
      {
        "__id__": 24
      },
      {
        "__id__": 26
      }
    ],
    "_prefab": {
      "__id__": 28
    },
    "_lpos": {
      "__type__": "cc.Vec3",
      "x": 0,
      "y": 0,
      "z": 0
    },
    "_lrot": {
      "__type__": "cc.Quat",
      "x": 0,
      "y": 0,
      "z": 0,
      "w": 1
    },
    "_lscale": {
      "__type__": "cc.Vec3",
      "x": 1,
      "y": 1,
      "z": 1
    },
    "_layer": 33554432,
    "_euler": {
      "__type__": "cc.Vec3",
      "x": 0,
      "y": 0,
      "z": 0
    },
    "_id": ""
  },
  {
    "__type__": "cc.Node",
    "_name": "Button",
    "_objFlags": 0,
    "_parent": {
      "__id__": 1
    },
    "_children": [
      {
        "__id__": 3
      }
    ],
    "_active": true,
    "_components": [
      {
        "__id__": 9
      },
      {
        "__id__": 11
      },
      {
        "__id__": 13
      }
    ],
    "_prefab": {
      "__id__": 15
    },
    "_lpos": {
      "__type__": "cc.Vec3",
      "x": 70,
      "y": 70,
      "z": 0
    },
    "_lrot": {
      "__type__": "cc.Quat",
      "x": 0,
      "y": 0,
      "z": 0,
      "w": 1
    },
    "_lscale": {
      "__type__": "cc.Vec3",
      "x": 1,
      "y": 1,
      "z": 1
    },
    "_layer": 33554432,
    "_euler": {
      "__type__": "cc.Vec3",
      "x": 0,
      "y": 0,
      "z": 0
    },
    "_id": ""
  },
  {
    "__type__": "cc.Node",
    "_name": "Label",
    "_objFlags": 512,
    "_parent": {
      "__id__": 2
    },
    "_children": [],
    "_active": true,
    "_components": [
      {
        "__id__": 4
      },
      {
        "__id__": 6
      }
    ],
    "_prefab": {
      "__id__": 8
    },
    "_lpos": {
      "__type__": "cc.Vec3",
      "x": 0,
      "y": 0,
      "z": 0
    },
    "_lrot": {
      "__type__": "cc.Quat",
      "x": 0,
      "y": 0,
      "z": 0,
      "w": 1
    },
    "_lscale": {
      "__type__": "cc.Vec3",
      "x": 0.5,
      "y": 0.5,
      "z": 0.5
    },
    "_layer": 33554432,
    "_euler": {
      "__type__": "cc.Vec3",
      "x": 0,
      "y": 0,
      "z": 0
    },
    "_id": ""
  },
  {
    "__type__": "cc.UITransform",
    "_name": "",
    "_objFlags": 0,
    "node": {
      "__id__": 3
    },
    "_enabled": true,
    "__prefab": {
      "__id__": 5
    },
    "_contentSize": {
      "__type__": "cc.Size",
      "width": 32,
      "height": 32
    },
    "_anchorPoint": {
      "__type__": "cc.Vec2",
      "x": 0.5,
      "y": 0.5
    },
    "_id": ""
  },
  {
    "__type__": "cc.CompPrefabInfo",
    "fileId": "14OqqPuMtC3pJv1hPObtCp"
  },
  {
    "__type__": "cc.Label",
    "_name": "",
    "_objFlags": 0,
    "node": {
      "__id__": 3
    },
    "_enabled": true,
    "__prefab": {
      "__id__": 7
    },
    "_visFlags": 0,
    "_customMaterial": null,
    "_srcBlendFactor": 2,
    "_dstBlendFactor": 4,
    "_color": {
      "__type__": "cc.Color",
      "r": 0,
      "g": 0,
      "b": 0,
      "a": 255
    },
    "_string": "X",
    "_horizontalAlign": 1,
    "_verticalAlign": 1,
    "_actualFontSize": 40,
    "_fontSize": 40,
    "_fontFamily": "Arial",
    "_lineHeight": 40,
    "_overflow": 1,
    "_enableWrapText": false,
    "_font": null,
    "_isSystemFontUsed": true,
    "_spacingX": 0,
    "_isItalic": false,
    "_isBold": false,
    "_isUnderline": false,
    "_underlineHeight": 2,
    "_cacheMode": 0,
    "_id": ""
  },
  {
    "__type__": "cc.CompPrefabInfo",
    "fileId": "15D0qNfmFENb98VkdzudB+"
  },
  {
    "__type__": "cc.PrefabInfo",
    "root": {
      "__id__": 1
    },
    "asset": {
      "__id__": 0
    },
    "fileId": "e7xmSSih9El4roqOG6RmH8"
  },
  {
    "__type__": "cc.UITransform",
    "_name": "",
    "_objFlags": 0,
    "node": {
      "__id__": 2
    },
    "_enabled": true,
    "__prefab": {
      "__id__": 10
    },
    "_contentSize": {
      "__type__": "cc.Size",
      "width": 38,
      "height": 38
    },
    "_anchorPoint": {
      "__type__": "cc.Vec2",
      "x": 0.5,
      "y": 0.5
    },
    "_id": ""
  },
  {
    "__type__": "cc.CompPrefabInfo",
    "fileId": "8cOLFO9J9BOrIkmt0JWIsV"
  },
  {
    "__type__": "cc.Sprite",
    "_name": "",
    "_objFlags": 0,
    "node": {
      "__id__": 2
    },
    "_enabled": true,
    "__prefab": {
      "__id__": 12
    },
    "_visFlags": 0,
    "_customMaterial": null,
    "_srcBlendFactor": 2,
    "_dstBlendFactor": 4,
    "_color": {
      "__type__": "cc.Color",
      "r": 255,
      "g": 255,
      "b": 255,
      "a": 255
    },
    "_spriteFrame": {
      "__uuid__": "b80d3e93-e88f-48d2-8a0f-f62495ecd025@f9941",
      "__expectedType__": "cc.SpriteFrame"
    },
    "_type": 1,
    "_fillType": 0,
    "_sizeMode": 0,
    "_fillCenter": {
      "__type__": "cc.Vec2",
      "x": 0,
      "y": 0
    },
    "_fillStart": 0,
    "_fillRange": 0,
    "_isTrimmedMode": true,
    "_useGrayscale": false,
    "_atlas": null,
    "_id": ""
  },
  {
    "__type__": "cc.CompPrefabInfo",
    "fileId": "71mfHPlLNLU5/1ODAGuEHS"
  },
  {
    "__type__": "cc.Button",
    "_name": "",
    "_objFlags": 0,
    "node": {
      "__id__": 2
    },
    "_enabled": true,
    "__prefab": {
      "__id__": 14
    },
    "clickEvents": [],
    "_interactable": true,
    "_transition": 3,
    "_normalColor": {
      "__type__": "cc.Color",
      "r": 214,
      "g": 214,
      "b": 214,
      "a": 255
    },
    "_hoverColor": {
      "__type__": "cc.Color",
      "r": 211,
      "g": 211,
      "b": 211,
      "a": 255
    },
    "_pressedColor": {
      "__type__": "cc.Color",
      "r": 255,
      "g": 255,
      "b": 255,
      "a": 255
    },
    "_disabledColor": {
      "__type__": "cc.Color",
      "r": 124,
      "g": 124,
      "b": 124,
      "a": 255
    },
    "_normalSprite": {
      "__uuid__": "b80d3e93-e88f-48d2-8a0f-f62495ecd025@f9941",
      "__expectedType__": "cc.SpriteFrame"
    },
    "_hoverSprite": null,
    "_pressedSprite": null,
    "_disabledSprite": null,
    "_duration": 0.1,
    "_zoomScale": 1.1,
    "_target": {
      "__id__": 2
    },
    "_id": ""
  },
  {
    "__type__": "cc.CompPrefabInfo",
    "fileId": "48q+9o7PJBoZEdQyroPbKt"
  },
  {
    "__type__": "cc.PrefabInfo",
    "root": {
      "__id__": 1
    },
    "asset": {
      "__id__": 0
    },
    "fileId": "b8C2K3RhBPFZFmKVHB4Nh0"
  },
  {
    "__type__": "cc.Node",
    "_name": "Label",
    "_objFlags": 0,
    "_parent": {
      "__id__": 1
    },
    "_children": [],
    "_active": true,
    "_components": [
      {
        "__id__": 17
      },
      {
        "__id__": 19
      },
      {
        "__id__": 21
      }
    ],
    "_prefab": {
      "__id__": 23
    },
    "_lpos": {
      "__type__": "cc.Vec3",
      "x": 0,
      "y": -64,
      "z": 0
    },
    "_lrot": {
      "__type__": "cc.Quat",
      "x": 0,
      "y": 0,
      "z": 0,
      "w": 1
    },
    "_lscale": {
      "__type__": "cc.Vec3",
      "x": 0.5,
      "y": 0.5,
      "z": 0.5
    },
    "_layer": 33554432,
    "_euler": {
      "__type__": "cc.Vec3",
      "x": 0,
      "y": 0,
      "z": 0
    },
    "_id": ""
  },
  {
    "__type__": "cc.UITransform",
    "_name": "",
    "_objFlags": 0,
    "node": {
      "__id__": 16
    },
    "_enabled": true,
    "__prefab": {
      "__id__": 18
    },
    "_contentSize": {
      "__type__": "cc.Size",
      "width": 4,
      "height": 44
    },
    "_anchorPoint": {
      "__type__": "cc.Vec2",
      "x": 0.5,
      "y": 0.5
    },
    "_id": ""
  },
  {
    "__type__": "cc.CompPrefabInfo",
    "fileId": "96N+gTWpJEZpOk8lo5dxNL"
  },
  {
    "__type__": "cc.Label",
    "_name": "",
    "_objFlags": 0,
    "node": {
      "__id__": 16
    },
    "_enabled": true,
    "__prefab": {
      "__id__": 20
    },
    "_visFlags": 0,
    "_customMaterial": null,
    "_srcBlendFactor": 2,
    "_dstBlendFactor": 4,
    "_color": {
      "__type__": "cc.Color",
      "r": 0,
      "g": 0,
      "b": 0,
      "a": 255
    },
    "_string": "",
    "_horizontalAlign": 1,
    "_verticalAlign": 1,
    "_actualFontSize": 40,
    "_fontSize": 40,
    "_fontFamily": "Arial",
    "_lineHeight": 40,
    "_overflow": 0,
    "_enableWrapText": true,
    "_font": null,
    "_isSystemFontUsed": true,
    "_spacingX": 0,
    "_isItalic": false,
    "_isBold": false,
    "_isUnderline": false,
    "_underlineHeight": 2,
    "_cacheMode": 2,
    "_id": ""
  },
  {
    "__type__": "cc.CompPrefabInfo",
    "fileId": "7dYN8hyTNOxotAS11CKZG3"
  },
  {
    "__type__": "cc.LabelOutline",
    "_name": "",
    "_objFlags": 0,
    "node": {
      "__id__": 16
    },
    "_enabled": true,
    "__prefab": {
      "__id__": 22
    },
    "_color": {
      "__type__": "cc.Color",
      "r": 255,
      "g": 255,
      "b": 255,
      "a": 255
    },
    "_width": 2,
    "_id": ""
  },
  {
    "__type__": "cc.CompPrefabInfo",
    "fileId": "7c/09K3CtNP4xEsXACGx8u"
  },
  {
    "__type__": "cc.PrefabInfo",
    "root": {
      "__id__": 1
    },
    "asset": {
      "__id__": 0
    },
    "fileId": "23fwAqu1FNgo6+kA5dfvgs"
  },
  {
    "__type__": "cc.UITransform",
    "_name": "",
    "_objFlags": 0,
    "node": {
      "__id__": 1
    },
    "_enabled": true,
    "__prefab": {
      "__id__": 25
    },
    "_contentSize": {
      "__type__": "cc.Size",
      "width": 100,
      "height": 100
    },
    "_anchorPoint": {
      "__type__": "cc.Vec2",
      "x": 0.5,
      "y": 0.5
    },
    "_id": ""
  },
  {
    "__type__": "cc.CompPrefabInfo",
    "fileId": "5cmmNDzyVB5aMfPyD5BnIM"
  },
  {
    "__type__": "cc.Sprite",
    "_name": "",
    "_objFlags": 0,
    "node": {
      "__id__": 1
    },
    "_enabled": true,
    "__prefab": {
      "__id__": 27
    },
    "_visFlags": 0,
    "_customMaterial": null,
    "_srcBlendFactor": 2,
    "_dstBlendFactor": 4,
    "_color": {
      "__type__": "cc.Color",
      "r": 255,
      "g": 255,
      "b": 255,
      "a": 255
    },
    "_spriteFrame": {
      "__uuid__": "f2b1166a-51bf-449f-95b5-fe28d5dedafb@f9941",
      "__expectedType__": "cc.SpriteFrame"
    },
    "_type": 0,
    "_fillType": 0,
    "_sizeMode": 0,
    "_fillCenter": {
      "__type__": "cc.Vec2",
      "x": 0,
      "y": 0
    },
    "_fillStart": 0,
    "_fillRange": 0,
    "_isTrimmedMode": true,
    "_useGrayscale": false,
    "_atlas": null,
    "_id": ""
  },
  {
    "__type__": "cc.CompPrefabInfo",
    "fileId": "a9hKebB3JLEI0gcDNFY/wL"
  },
  {
    "__type__": "cc.PrefabInfo",
    "root": {
      "__id__": 1
    },
    "asset": {
      "__id__": 0
    },
    "fileId": "4fJdUujjtL9IOY2emnIf9l"
  }
]