[
  {
    "__type__": "cc.Prefab",
    "_name": "",
    "_objFlags": 0,
    "_native": "",
    "data": {
      "__id__": 1
    },
    "optimizationPolicy": 0,
    "persistent": false,
    "asyncLoadAssets": false
  },
  {
    "__type__": "cc.Node",
    "_name": "Map0",
    "_objFlags": 0,
    "__editorExtras__": {},
    "_parent": null,
    "_children": [
      {
        "__id__": 2
      },
      {
        "__id__": 8
      },
      {
        "__id__": 14
      },
      {
        "__id__": 20
      },
      {
        "__id__": 26
      }
    ],
    "_active": true,
    "_components": [
      {
        "__id__": 140
      }
    ],
    "_prefab": {
      "__id__": 142
    },
    "_lpos": {
      "__type__": "cc.Vec3",
      "x": 0,
      "y": 0,
      "z": 0
    },
    "_lrot": {
      "__type__": "cc.Quat",
      "x": 0,
      "y": 0,
      "z": 0,
      "w": 1
    },
    "_lscale": {
      "__type__": "cc.Vec3",
      "x": 1,
      "y": 1,
      "z": 1
    },
    "_layer": 33554432,
    "_euler": {
      "__type__": "cc.Vec3",
      "x": 0,
      "y": 0,
      "z": 0
    },
    "_id": ""
  },
  {
    "__type__": "cc.Node",
    "_name": "map0",
    "_objFlags": 512,
    "_parent": {
      "__id__": 1
    },
    "_children": [],
    "_active": true,
    "_components": [
      {
        "__id__": 3
      },
      {
        "__id__": 5
      }
    ],
    "_prefab": {
      "__id__": 7
    },
    "_lpos": {
      "__type__": "cc.Vec3",
      "x": -800,
      "y": 800,
      "z": 0
    },
    "_lrot": {
      "__type__": "cc.Quat",
      "x": 0,
      "y": 0,
      "z": 0,
      "w": 1
    },
    "_lscale": {
      "__type__": "cc.Vec3",
      "x": 1,
      "y": 1,
      "z": 1
    },
    "_layer": 33554432,
    "_euler": {
      "__type__": "cc.Vec3",
      "x": 0,
      "y": 0,
      "z": 0
    },
    "_id": ""
  },
  {
    "__type__": "cc.UITransform",
    "_name": "",
    "_objFlags": 0,
    "node": {
      "__id__": 2
    },
    "_enabled": true,
    "__prefab": {
      "__id__": 4
    },
    "_contentSize": {
      "__type__": "cc.Size",
      "width": 1600,
      "height": 1600
    },
    "_anchorPoint": {
      "__type__": "cc.Vec2",
      "x": 0.5,
      "y": 0.5
    },
    "_id": ""
  },
  {
    "__type__": "cc.CompPrefabInfo",
    "fileId": "5c2ELLGqtLo4MBAeQMgxEp"
  },
  {
    "__type__": "cc.Sprite",
    "_name": "",
    "_objFlags": 0,
    "node": {
      "__id__": 2
    },
    "_enabled": true,
    "__prefab": {
      "__id__": 6
    },
    "_visFlags": 0,
    "_customMaterial": null,
    "_srcBlendFactor": 2,
    "_dstBlendFactor": 4,
    "_color": {
      "__type__": "cc.Color",
      "r": 255,
      "g": 255,
      "b": 255,
      "a": 255
    },
    "_spriteFrame": {
      "__uuid__": "acd5bf41-690b-4646-824d-abc2ae2ed8fd@f9941",
      "__expectedType__": "cc.SpriteFrame"
    },
    "_type": 0,
    "_fillType": 0,
    "_sizeMode": 0,
    "_fillCenter": {
      "__type__": "cc.Vec2",
      "x": 0,
      "y": 0
    },
    "_fillStart": 0,
    "_fillRange": 0,
    "_isTrimmedMode": true,
    "_useGrayscale": false,
    "_atlas": null,
    "_id": ""
  },
  {
    "__type__": "cc.CompPrefabInfo",
    "fileId": "afDV2b6+RFwKknpryeoZ+L"
  },
  {
    "__type__": "cc.PrefabInfo",
    "root": {
      "__id__": 1
    },
    "asset": {
      "__id__": 0
    },
    "fileId": "63rvSFsl5I/Ky2jewWDeqI"
  },
  {
    "__type__": "cc.Node",
    "_name": "map1",
    "_objFlags": 512,
    "_parent": {
      "__id__": 1
    },
    "_children": [],
    "_active": true,
    "_components": [
      {
        "__id__": 9
      },
      {
        "__id__": 11
      }
    ],
    "_prefab": {
      "__id__": 13
    },
    "_lpos": {
      "__type__": "cc.Vec3",
      "x": 800,
      "y": 800,
      "z": 0
    },
    "_lrot": {
      "__type__": "cc.Quat",
      "x": 0,
      "y": 0,
      "z": 0,
      "w": 1
    },
    "_lscale": {
      "__type__": "cc.Vec3",
      "x": 1,
      "y": 1,
      "z": 1
    },
    "_layer": 33554432,
    "_euler": {
      "__type__": "cc.Vec3",
      "x": 0,
      "y": 0,
      "z": 0
    },
    "_id": ""
  },
  {
    "__type__": "cc.UITransform",
    "_name": "",
    "_objFlags": 0,
    "node": {
      "__id__": 8
    },
    "_enabled": true,
    "__prefab": {
      "__id__": 10
    },
    "_contentSize": {
      "__type__": "cc.Size",
      "width": 1600,
      "height": 1600
    },
    "_anchorPoint": {
      "__type__": "cc.Vec2",
      "x": 0.5,
      "y": 0.5
    },
    "_id": ""
  },
  {
    "__type__": "cc.CompPrefabInfo",
    "fileId": "93hWxP8fdKUr3ksPBin5Mg"
  },
  {
    "__type__": "cc.Sprite",
    "_name": "",
    "_objFlags": 0,
    "node": {
      "__id__": 8
    },
    "_enabled": true,
    "__prefab": {
      "__id__": 12
    },
    "_visFlags": 0,
    "_customMaterial": null,
    "_srcBlendFactor": 2,
    "_dstBlendFactor": 4,
    "_color": {
      "__type__": "cc.Color",
      "r": 255,
      "g": 255,
      "b": 255,
      "a": 255
    },
    "_spriteFrame": {
      "__uuid__": "7fbf2730-0f68-489c-8d68-641b615c98c5@f9941",
      "__expectedType__": "cc.SpriteFrame"
    },
    "_type": 0,
    "_fillType": 0,
    "_sizeMode": 0,
    "_fillCenter": {
      "__type__": "cc.Vec2",
      "x": 0,
      "y": 0
    },
    "_fillStart": 0,
    "_fillRange": 0,
    "_isTrimmedMode": true,
    "_useGrayscale": false,
    "_atlas": null,
    "_id": ""
  },
  {
    "__type__": "cc.CompPrefabInfo",
    "fileId": "f3VIv4b0lIYYH3/qmfvWaY"
  },
  {
    "__type__": "cc.PrefabInfo",
    "root": {
      "__id__": 1
    },
    "asset": {
      "__id__": 0
    },
    "fileId": "89S77LanxN/Y5AGUFLgkOa"
  },
  {
    "__type__": "cc.Node",
    "_name": "map2",
    "_objFlags": 512,
    "_parent": {
      "__id__": 1
    },
    "_children": [],
    "_active": true,
    "_components": [
      {
        "__id__": 15
      },
      {
        "__id__": 17
      }
    ],
    "_prefab": {
      "__id__": 19
    },
    "_lpos": {
      "__type__": "cc.Vec3",
      "x": -800,
      "y": -800,
      "z": 0
    },
    "_lrot": {
      "__type__": "cc.Quat",
      "x": 0,
      "y": 0,
      "z": 0,
      "w": 1
    },
    "_lscale": {
      "__type__": "cc.Vec3",
      "x": 1,
      "y": 1,
      "z": 1
    },
    "_layer": 33554432,
    "_euler": {
      "__type__": "cc.Vec3",
      "x": 0,
      "y": 0,
      "z": 0
    },
    "_id": ""
  },
  {
    "__type__": "cc.UITransform",
    "_name": "",
    "_objFlags": 0,
    "node": {
      "__id__": 14
    },
    "_enabled": true,
    "__prefab": {
      "__id__": 16
    },
    "_contentSize": {
      "__type__": "cc.Size",
      "width": 1600,
      "height": 1600
    },
    "_anchorPoint": {
      "__type__": "cc.Vec2",
      "x": 0.5,
      "y": 0.5
    },
    "_id": ""
  },
  {
    "__type__": "cc.CompPrefabInfo",
    "fileId": "4a/EdpHatBl4zCngdAN1Ay"
  },
  {
    "__type__": "cc.Sprite",
    "_name": "",
    "_objFlags": 0,
    "node": {
      "__id__": 14
    },
    "_enabled": true,
    "__prefab": {
      "__id__": 18
    },
    "_visFlags": 0,
    "_customMaterial": null,
    "_srcBlendFactor": 2,
    "_dstBlendFactor": 4,
    "_color": {
      "__type__": "cc.Color",
      "r": 255,
      "g": 255,
      "b": 255,
      "a": 255
    },
    "_spriteFrame": {
      "__uuid__": "b6f973b3-0532-490e-8a7d-7f6ef3836280@f9941",
      "__expectedType__": "cc.SpriteFrame"
    },
    "_type": 0,
    "_fillType": 0,
    "_sizeMode": 0,
    "_fillCenter": {
      "__type__": "cc.Vec2",
      "x": 0,
      "y": 0
    },
    "_fillStart": 0,
    "_fillRange": 0,
    "_isTrimmedMode": true,
    "_useGrayscale": false,
    "_atlas": null,
    "_id": ""
  },
  {
    "__type__": "cc.CompPrefabInfo",
    "fileId": "02b4BJOS1PvI6yktEd5h7T"
  },
  {
    "__type__": "cc.PrefabInfo",
    "root": {
      "__id__": 1
    },
    "asset": {
      "__id__": 0
    },
    "fileId": "76Xn+hLz9CzbMm0X9SVK1Z"
  },
  {
    "__type__": "cc.Node",
    "_name": "map3",
    "_objFlags": 512,
    "_parent": {
      "__id__": 1
    },
    "_children": [],
    "_active": true,
    "_components": [
      {
        "__id__": 21
      },
      {
        "__id__": 23
      }
    ],
    "_prefab": {
      "__id__": 25
    },
    "_lpos": {
      "__type__": "cc.Vec3",
      "x": 800,
      "y": -800,
      "z": 0
    },
    "_lrot": {
      "__type__": "cc.Quat",
      "x": 0,
      "y": 0,
      "z": 0,
      "w": 1
    },
    "_lscale": {
      "__type__": "cc.Vec3",
      "x": 1,
      "y": 1,
      "z": 1
    },
    "_layer": 33554432,
    "_euler": {
      "__type__": "cc.Vec3",
      "x": 0,
      "y": 0,
      "z": 0
    },
    "_id": ""
  },
  {
    "__type__": "cc.UITransform",
    "_name": "",
    "_objFlags": 0,
    "node": {
      "__id__": 20
    },
    "_enabled": true,
    "__prefab": {
      "__id__": 22
    },
    "_contentSize": {
      "__type__": "cc.Size",
      "width": 1600,
      "height": 1600
    },
    "_anchorPoint": {
      "__type__": "cc.Vec2",
      "x": 0.5,
      "y": 0.5
    },
    "_id": ""
  },
  {
    "__type__": "cc.CompPrefabInfo",
    "fileId": "1boMev+G9NNIvo+o+dRFQ4"
  },
  {
    "__type__": "cc.Sprite",
    "_name": "",
    "_objFlags": 0,
    "node": {
      "__id__": 20
    },
    "_enabled": true,
    "__prefab": {
      "__id__": 24
    },
    "_visFlags": 0,
    "_customMaterial": null,
    "_srcBlendFactor": 2,
    "_dstBlendFactor": 4,
    "_color": {
      "__type__": "cc.Color",
      "r": 255,
      "g": 255,
      "b": 255,
      "a": 255
    },
    "_spriteFrame": {
      "__uuid__": "00a90f8e-36c8-4187-850a-c77740fd6893@f9941",
      "__expectedType__": "cc.SpriteFrame"
    },
    "_type": 0,
    "_fillType": 0,
    "_sizeMode": 0,
    "_fillCenter": {
      "__type__": "cc.Vec2",
      "x": 0,
      "y": 0
    },
    "_fillStart": 0,
    "_fillRange": 0,
    "_isTrimmedMode": true,
    "_useGrayscale": false,
    "_atlas": null,
    "_id": ""
  },
  {
    "__type__": "cc.CompPrefabInfo",
    "fileId": "846nPRyHlGSo1n3RMhv12+"
  },
  {
    "__type__": "cc.PrefabInfo",
    "root": {
      "__id__": 1
    },
    "asset": {
      "__id__": 0
    },
    "fileId": "ddclypDKRE06qTmCHu7Epv"
  },
  {
    "__type__": "cc.Node",
    "_name": "LayerCollide",
    "_objFlags": 512,
    "_parent": {
      "__id__": 1
    },
    "_children": [
      {
        "__id__": 27
      },
      {
        "__id__": 37
      },
      {
        "__id__": 47
      },
      {
        "__id__": 57
      },
      {
        "__id__": 67
      },
      {
        "__id__": 77
      },
      {
        "__id__": 87
      },
      {
        "__id__": 97
      },
      {
        "__id__": 107
      },
      {
        "__id__": 117
      },
      {
        "__id__": 127
      }
    ],
    "_active": true,
    "_components": [
      {
        "__id__": 137
      }
    ],
    "_prefab": {
      "__id__": 139
    },
    "_lpos": {
      "__type__": "cc.Vec3",
      "x": 0,
      "y": 0,
      "z": 0
    },
    "_lrot": {
      "__type__": "cc.Quat",
      "x": 0,
      "y": 0,
      "z": 0,
      "w": 1
    },
    "_lscale": {
      "__type__": "cc.Vec3",
      "x": 1,
      "y": 1,
      "z": 1
    },
    "_layer": 33554432,
    "_euler": {
      "__type__": "cc.Vec3",
      "x": 0,
      "y": 0,
      "z": 0
    },
    "_id": ""
  },
  {
    "__type__": "cc.Node",
    "_objFlags": 0,
    "_parent": {
      "__id__": 26
    },
    "_prefab": {
      "__id__": 28
    },
    "__editorExtras__": {}
  },
  {
    "__type__": "cc.PrefabInfo",
    "root": {
      "__id__": 27
    },
    "asset": {
      "__uuid__": "6e80b5c8-af9e-4653-af16-a8dfd47ab012",
      "__expectedType__": "cc.Prefab"
    },
    "fileId": "941JL6RhtJQbBd5YUjRATM",
    "instance": {
      "__id__": 29
    }
  },
  {
    "__type__": "cc.PrefabInstance",
    "fileId": "bad9buEKZNXoISpCC1qv/r",
    "prefabRootNode": {
      "__id__": 1
    },
    "mountedChildren": [],
    "mountedComponents": [],
    "propertyOverrides": [
      {
        "__id__": 30
      },
      {
        "__id__": 32
      },
      {
        "__id__": 33
      },
      {
        "__id__": 34
      },
      {
        "__id__": 35
      }
    ],
    "removedComponents": []
  },
  {
    "__type__": "CCPropertyOverrideInfo",
    "targetInfo": {
      "__id__": 31
    },
    "propertyPath": [
      "_name"
    ],
    "value": "Collide0"
  },
  {
    "__type__": "cc.TargetInfo",
    "localID": [
      "941JL6RhtJQbBd5YUjRATM"
    ]
  },
  {
    "__type__": "CCPropertyOverrideInfo",
    "targetInfo": {
      "__id__": 31
    },
    "propertyPath": [
      "_lpos"
    ],
    "value": {
      "__type__": "cc.Vec3",
      "x": -405,
      "y": 660,
      "z": 0
    }
  },
  {
    "__type__": "CCPropertyOverrideInfo",
    "targetInfo": {
      "__id__": 31
    },
    "propertyPath": [
      "_lrot"
    ],
    "value": {
      "__type__": "cc.Quat",
      "x": 0,
      "y": 0,
      "z": 0,
      "w": 1
    }
  },
  {
    "__type__": "CCPropertyOverrideInfo",
    "targetInfo": {
      "__id__": 31
    },
    "propertyPath": [
      "_euler"
    ],
    "value": {
      "__type__": "cc.Vec3",
      "x": 0,
      "y": 0,
      "z": 0
    }
  },
  {
    "__type__": "CCPropertyOverrideInfo",
    "targetInfo": {
      "__id__": 36
    },
    "propertyPath": [
      "_contentSize"
    ],
    "value": {
      "__type__": "cc.Size",
      "width": 556,
      "height": 48
    }
  },
  {
    "__type__": "cc.TargetInfo",
    "localID": [
      "f98RIteQNNUK7hvzbGQ91o"
    ]
  },
  {
    "__type__": "cc.Node",
    "_objFlags": 0,
    "_parent": {
      "__id__": 26
    },
    "_prefab": {
      "__id__": 38
    },
    "__editorExtras__": {}
  },
  {
    "__type__": "cc.PrefabInfo",
    "root": {
      "__id__": 37
    },
    "asset": {
      "__uuid__": "6e80b5c8-af9e-4653-af16-a8dfd47ab012",
      "__expectedType__": "cc.Prefab"
    },
    "fileId": "941JL6RhtJQbBd5YUjRATM",
    "instance": {
      "__id__": 39
    }
  },
  {
    "__type__": "cc.PrefabInstance",
    "fileId": "47TxfG+j5Jo7LZgNswHi5b",
    "prefabRootNode": {
      "__id__": 1
    },
    "mountedChildren": [],
    "mountedComponents": [],
    "propertyOverrides": [
      {
        "__id__": 40
      },
      {
        "__id__": 42
      },
      {
        "__id__": 43
      },
      {
        "__id__": 44
      },
      {
        "__id__": 45
      }
    ],
    "removedComponents": []
  },
  {
    "__type__": "CCPropertyOverrideInfo",
    "targetInfo": {
      "__id__": 41
    },
    "propertyPath": [
      "_name"
    ],
    "value": "Collide1"
  },
  {
    "__type__": "cc.TargetInfo",
    "localID": [
      "941JL6RhtJQbBd5YUjRATM"
    ]
  },
  {
    "__type__": "CCPropertyOverrideInfo",
    "targetInfo": {
      "__id__": 41
    },
    "propertyPath": [
      "_lpos"
    ],
    "value": {
      "__type__": "cc.Vec3",
      "x": 405,
      "y": 660,
      "z": 0
    }
  },
  {
    "__type__": "CCPropertyOverrideInfo",
    "targetInfo": {
      "__id__": 41
    },
    "propertyPath": [
      "_lrot"
    ],
    "value": {
      "__type__": "cc.Quat",
      "x": 0,
      "y": 0,
      "z": 0,
      "w": 1
    }
  },
  {
    "__type__": "CCPropertyOverrideInfo",
    "targetInfo": {
      "__id__": 41
    },
    "propertyPath": [
      "_euler"
    ],
    "value": {
      "__type__": "cc.Vec3",
      "x": 0,
      "y": 0,
      "z": 0
    }
  },
  {
    "__type__": "CCPropertyOverrideInfo",
    "targetInfo": {
      "__id__": 46
    },
    "propertyPath": [
      "_contentSize"
    ],
    "value": {
      "__type__": "cc.Size",
      "width": 556,
      "height": 48
    }
  },
  {
    "__type__": "cc.TargetInfo",
    "localID": [
      "f98RIteQNNUK7hvzbGQ91o"
    ]
  },
  {
    "__type__": "cc.Node",
    "_objFlags": 0,
    "_parent": {
      "__id__": 26
    },
    "_prefab": {
      "__id__": 48
    },
    "__editorExtras__": {}
  },
  {
    "__type__": "cc.PrefabInfo",
    "root": {
      "__id__": 47
    },
    "asset": {
      "__uuid__": "6e80b5c8-af9e-4653-af16-a8dfd47ab012",
      "__expectedType__": "cc.Prefab"
    },
    "fileId": "941JL6RhtJQbBd5YUjRATM",
    "instance": {
      "__id__": 49
    }
  },
  {
    "__type__": "cc.PrefabInstance",
    "fileId": "03T0UNyUlO/Iq1uCpNkFw1",
    "prefabRootNode": {
      "__id__": 1
    },
    "mountedChildren": [],
    "mountedComponents": [],
    "propertyOverrides": [
      {
        "__id__": 50
      },
      {
        "__id__": 52
      },
      {
        "__id__": 53
      },
      {
        "__id__": 54
      },
      {
        "__id__": 55
      }
    ],
    "removedComponents": []
  },
  {
    "__type__": "CCPropertyOverrideInfo",
    "targetInfo": {
      "__id__": 51
    },
    "propertyPath": [
      "_name"
    ],
    "value": "Collide2"
  },
  {
    "__type__": "cc.TargetInfo",
    "localID": [
      "941JL6RhtJQbBd5YUjRATM"
    ]
  },
  {
    "__type__": "CCPropertyOverrideInfo",
    "targetInfo": {
      "__id__": 51
    },
    "propertyPath": [
      "_lpos"
    ],
    "value": {
      "__type__": "cc.Vec3",
      "x": -659,
      "y": 0,
      "z": 0
    }
  },
  {
    "__type__": "CCPropertyOverrideInfo",
    "targetInfo": {
      "__id__": 51
    },
    "propertyPath": [
      "_lrot"
    ],
    "value": {
      "__type__": "cc.Quat",
      "x": 0,
      "y": 0,
      "z": 0,
      "w": 1
    }
  },
  {
    "__type__": "CCPropertyOverrideInfo",
    "targetInfo": {
      "__id__": 51
    },
    "propertyPath": [
      "_euler"
    ],
    "value": {
      "__type__": "cc.Vec3",
      "x": 0,
      "y": 0,
      "z": 0
    }
  },
  {
    "__type__": "CCPropertyOverrideInfo",
    "targetInfo": {
      "__id__": 56
    },
    "propertyPath": [
      "_contentSize"
    ],
    "value": {
      "__type__": "cc.Size",
      "width": 48,
      "height": 1275
    }
  },
  {
    "__type__": "cc.TargetInfo",
    "localID": [
      "f98RIteQNNUK7hvzbGQ91o"
    ]
  },
  {
    "__type__": "cc.Node",
    "_objFlags": 0,
    "_parent": {
      "__id__": 26
    },
    "_prefab": {
      "__id__": 58
    },
    "__editorExtras__": {}
  },
  {
    "__type__": "cc.PrefabInfo",
    "root": {
      "__id__": 57
    },
    "asset": {
      "__uuid__": "6e80b5c8-af9e-4653-af16-a8dfd47ab012",
      "__expectedType__": "cc.Prefab"
    },
    "fileId": "941JL6RhtJQbBd5YUjRATM",
    "instance": {
      "__id__": 59
    }
  },
  {
    "__type__": "cc.PrefabInstance",
    "fileId": "0dIrb0vtdD3KhVATVI1oHR",
    "prefabRootNode": {
      "__id__": 1
    },
    "mountedChildren": [],
    "mountedComponents": [],
    "propertyOverrides": [
      {
        "__id__": 60
      },
      {
        "__id__": 62
      },
      {
        "__id__": 63
      },
      {
        "__id__": 64
      },
      {
        "__id__": 65
      }
    ],
    "removedComponents": []
  },
  {
    "__type__": "CCPropertyOverrideInfo",
    "targetInfo": {
      "__id__": 61
    },
    "propertyPath": [
      "_name"
    ],
    "value": "Collide3"
  },
  {
    "__type__": "cc.TargetInfo",
    "localID": [
      "941JL6RhtJQbBd5YUjRATM"
    ]
  },
  {
    "__type__": "CCPropertyOverrideInfo",
    "targetInfo": {
      "__id__": 61
    },
    "propertyPath": [
      "_lpos"
    ],
    "value": {
      "__type__": "cc.Vec3",
      "x": 659,
      "y": 0,
      "z": 0
    }
  },
  {
    "__type__": "CCPropertyOverrideInfo",
    "targetInfo": {
      "__id__": 61
    },
    "propertyPath": [
      "_lrot"
    ],
    "value": {
      "__type__": "cc.Quat",
      "x": 0,
      "y": 0,
      "z": 0,
      "w": 1
    }
  },
  {
    "__type__": "CCPropertyOverrideInfo",
    "targetInfo": {
      "__id__": 61
    },
    "propertyPath": [
      "_euler"
    ],
    "value": {
      "__type__": "cc.Vec3",
      "x": 0,
      "y": 0,
      "z": 0
    }
  },
  {
    "__type__": "CCPropertyOverrideInfo",
    "targetInfo": {
      "__id__": 66
    },
    "propertyPath": [
      "_contentSize"
    ],
    "value": {
      "__type__": "cc.Size",
      "width": 48,
      "height": 1275
    }
  },
  {
    "__type__": "cc.TargetInfo",
    "localID": [
      "f98RIteQNNUK7hvzbGQ91o"
    ]
  },
  {
    "__type__": "cc.Node",
    "_objFlags": 0,
    "_parent": {
      "__id__": 26
    },
    "_prefab": {
      "__id__": 68
    },
    "__editorExtras__": {}
  },
  {
    "__type__": "cc.PrefabInfo",
    "root": {
      "__id__": 67
    },
    "asset": {
      "__uuid__": "6e80b5c8-af9e-4653-af16-a8dfd47ab012",
      "__expectedType__": "cc.Prefab"
    },
    "fileId": "941JL6RhtJQbBd5YUjRATM",
    "instance": {
      "__id__": 69
    }
  },
  {
    "__type__": "cc.PrefabInstance",
    "fileId": "00JQG8G1hPoIz3Hme4v8SG",
    "prefabRootNode": {
      "__id__": 1
    },
    "mountedChildren": [],
    "mountedComponents": [],
    "propertyOverrides": [
      {
        "__id__": 70
      },
      {
        "__id__": 72
      },
      {
        "__id__": 73
      },
      {
        "__id__": 74
      },
      {
        "__id__": 75
      }
    ],
    "removedComponents": []
  },
  {
    "__type__": "CCPropertyOverrideInfo",
    "targetInfo": {
      "__id__": 71
    },
    "propertyPath": [
      "_name"
    ],
    "value": "Collide4"
  },
  {
    "__type__": "cc.TargetInfo",
    "localID": [
      "941JL6RhtJQbBd5YUjRATM"
    ]
  },
  {
    "__type__": "CCPropertyOverrideInfo",
    "targetInfo": {
      "__id__": 71
    },
    "propertyPath": [
      "_lpos"
    ],
    "value": {
      "__type__": "cc.Vec3",
      "x": 0,
      "y": -660,
      "z": 0
    }
  },
  {
    "__type__": "CCPropertyOverrideInfo",
    "targetInfo": {
      "__id__": 71
    },
    "propertyPath": [
      "_lrot"
    ],
    "value": {
      "__type__": "cc.Quat",
      "x": 0,
      "y": 0,
      "z": 0,
      "w": 1
    }
  },
  {
    "__type__": "CCPropertyOverrideInfo",
    "targetInfo": {
      "__id__": 71
    },
    "propertyPath": [
      "_euler"
    ],
    "value": {
      "__type__": "cc.Vec3",
      "x": 0,
      "y": 0,
      "z": 0
    }
  },
  {
    "__type__": "CCPropertyOverrideInfo",
    "targetInfo": {
      "__id__": 76
    },
    "propertyPath": [
      "_contentSize"
    ],
    "value": {
      "__type__": "cc.Size",
      "width": 1366,
      "height": 48
    }
  },
  {
    "__type__": "cc.TargetInfo",
    "localID": [
      "f98RIteQNNUK7hvzbGQ91o"
    ]
  },
  {
    "__type__": "cc.Node",
    "_objFlags": 0,
    "_parent": {
      "__id__": 26
    },
    "_prefab": {
      "__id__": 78
    },
    "__editorExtras__": {}
  },
  {
    "__type__": "cc.PrefabInfo",
    "root": {
      "__id__": 77
    },
    "asset": {
      "__uuid__": "6e80b5c8-af9e-4653-af16-a8dfd47ab012",
      "__expectedType__": "cc.Prefab"
    },
    "fileId": "941JL6RhtJQbBd5YUjRATM",
    "instance": {
      "__id__": 79
    }
  },
  {
    "__type__": "cc.PrefabInstance",
    "fileId": "2d4PJvIgtHebqA+WyUrn7f",
    "prefabRootNode": {
      "__id__": 1
    },
    "mountedChildren": [],
    "mountedComponents": [],
    "propertyOverrides": [
      {
        "__id__": 80
      },
      {
        "__id__": 82
      },
      {
        "__id__": 83
      },
      {
        "__id__": 84
      },
      {
        "__id__": 85
      }
    ],
    "removedComponents": []
  },
  {
    "__type__": "CCPropertyOverrideInfo",
    "targetInfo": {
      "__id__": 81
    },
    "propertyPath": [
      "_name"
    ],
    "value": "Collide5"
  },
  {
    "__type__": "cc.TargetInfo",
    "localID": [
      "941JL6RhtJQbBd5YUjRATM"
    ]
  },
  {
    "__type__": "CCPropertyOverrideInfo",
    "targetInfo": {
      "__id__": 81
    },
    "propertyPath": [
      "_lpos"
    ],
    "value": {
      "__type__": "cc.Vec3",
      "x": -320,
      "y": 32,
      "z": 0
    }
  },
  {
    "__type__": "CCPropertyOverrideInfo",
    "targetInfo": {
      "__id__": 81
    },
    "propertyPath": [
      "_lrot"
    ],
    "value": {
      "__type__": "cc.Quat",
      "x": 0,
      "y": 0,
      "z": 0,
      "w": 1
    }
  },
  {
    "__type__": "CCPropertyOverrideInfo",
    "targetInfo": {
      "__id__": 81
    },
    "propertyPath": [
      "_euler"
    ],
    "value": {
      "__type__": "cc.Vec3",
      "x": 0,
      "y": 0,
      "z": 0
    }
  },
  {
    "__type__": "CCPropertyOverrideInfo",
    "targetInfo": {
      "__id__": 86
    },
    "propertyPath": [
      "_contentSize"
    ],
    "value": {
      "__type__": "cc.Size",
      "width": 360,
      "height": 50
    }
  },
  {
    "__type__": "cc.TargetInfo",
    "localID": [
      "f98RIteQNNUK7hvzbGQ91o"
    ]
  },
  {
    "__type__": "cc.Node",
    "_objFlags": 0,
    "_parent": {
      "__id__": 26
    },
    "_prefab": {
      "__id__": 88
    },
    "__editorExtras__": {}
  },
  {
    "__type__": "cc.PrefabInfo",
    "root": {
      "__id__": 87
    },
    "asset": {
      "__uuid__": "6e80b5c8-af9e-4653-af16-a8dfd47ab012",
      "__expectedType__": "cc.Prefab"
    },
    "fileId": "941JL6RhtJQbBd5YUjRATM",
    "instance": {
      "__id__": 89
    }
  },
  {
    "__type__": "cc.PrefabInstance",
    "fileId": "34PHHWqzVMvqY940srXYlH",
    "prefabRootNode": {
      "__id__": 1
    },
    "mountedChildren": [],
    "mountedComponents": [],
    "propertyOverrides": [
      {
        "__id__": 90
      },
      {
        "__id__": 92
      },
      {
        "__id__": 93
      },
      {
        "__id__": 94
      },
      {
        "__id__": 95
      }
    ],
    "removedComponents": []
  },
  {
    "__type__": "CCPropertyOverrideInfo",
    "targetInfo": {
      "__id__": 91
    },
    "propertyPath": [
      "_name"
    ],
    "value": "Collide6"
  },
  {
    "__type__": "cc.TargetInfo",
    "localID": [
      "941JL6RhtJQbBd5YUjRATM"
    ]
  },
  {
    "__type__": "CCPropertyOverrideInfo",
    "targetInfo": {
      "__id__": 91
    },
    "propertyPath": [
      "_lpos"
    ],
    "value": {
      "__type__": "cc.Vec3",
      "x": 320,
      "y": 32,
      "z": 0
    }
  },
  {
    "__type__": "CCPropertyOverrideInfo",
    "targetInfo": {
      "__id__": 91
    },
    "propertyPath": [
      "_lrot"
    ],
    "value": {
      "__type__": "cc.Quat",
      "x": 0,
      "y": 0,
      "z": 0,
      "w": 1
    }
  },
  {
    "__type__": "CCPropertyOverrideInfo",
    "targetInfo": {
      "__id__": 91
    },
    "propertyPath": [
      "_euler"
    ],
    "value": {
      "__type__": "cc.Vec3",
      "x": 0,
      "y": 0,
      "z": 0
    }
  },
  {
    "__type__": "CCPropertyOverrideInfo",
    "targetInfo": {
      "__id__": 96
    },
    "propertyPath": [
      "_contentSize"
    ],
    "value": {
      "__type__": "cc.Size",
      "width": 360,
      "height": 50
    }
  },
  {
    "__type__": "cc.TargetInfo",
    "localID": [
      "f98RIteQNNUK7hvzbGQ91o"
    ]
  },
  {
    "__type__": "cc.Node",
    "_objFlags": 0,
    "_parent": {
      "__id__": 26
    },
    "_prefab": {
      "__id__": 98
    },
    "__editorExtras__": {}
  },
  {
    "__type__": "cc.PrefabInfo",
    "root": {
      "__id__": 97
    },
    "asset": {
      "__uuid__": "6e80b5c8-af9e-4653-af16-a8dfd47ab012",
      "__expectedType__": "cc.Prefab"
    },
    "fileId": "941JL6RhtJQbBd5YUjRATM",
    "instance": {
      "__id__": 99
    }
  },
  {
    "__type__": "cc.PrefabInstance",
    "fileId": "eedGVfzRlOTLrnZ14KHria",
    "prefabRootNode": {
      "__id__": 1
    },
    "mountedChildren": [],
    "mountedComponents": [],
    "propertyOverrides": [
      {
        "__id__": 100
      },
      {
        "__id__": 102
      },
      {
        "__id__": 103
      },
      {
        "__id__": 104
      },
      {
        "__id__": 105
      }
    ],
    "removedComponents": []
  },
  {
    "__type__": "CCPropertyOverrideInfo",
    "targetInfo": {
      "__id__": 101
    },
    "propertyPath": [
      "_name"
    ],
    "value": "Collide7"
  },
  {
    "__type__": "cc.TargetInfo",
    "localID": [
      "941JL6RhtJQbBd5YUjRATM"
    ]
  },
  {
    "__type__": "CCPropertyOverrideInfo",
    "targetInfo": {
      "__id__": 101
    },
    "propertyPath": [
      "_lpos"
    ],
    "value": {
      "__type__": "cc.Vec3",
      "x": -320,
      "y": -355,
      "z": 0
    }
  },
  {
    "__type__": "CCPropertyOverrideInfo",
    "targetInfo": {
      "__id__": 101
    },
    "propertyPath": [
      "_lrot"
    ],
    "value": {
      "__type__": "cc.Quat",
      "x": 0,
      "y": 0,
      "z": 0,
      "w": 1
    }
  },
  {
    "__type__": "CCPropertyOverrideInfo",
    "targetInfo": {
      "__id__": 101
    },
    "propertyPath": [
      "_euler"
    ],
    "value": {
      "__type__": "cc.Vec3",
      "x": 0,
      "y": 0,
      "z": 0
    }
  },
  {
    "__type__": "CCPropertyOverrideInfo",
    "targetInfo": {
      "__id__": 106
    },
    "propertyPath": [
      "_contentSize"
    ],
    "value": {
      "__type__": "cc.Size",
      "width": 370,
      "height": 55
    }
  },
  {
    "__type__": "cc.TargetInfo",
    "localID": [
      "f98RIteQNNUK7hvzbGQ91o"
    ]
  },
  {
    "__type__": "cc.Node",
    "_objFlags": 0,
    "_parent": {
      "__id__": 26
    },
    "_prefab": {
      "__id__": 108
    },
    "__editorExtras__": {}
  },
  {
    "__type__": "cc.PrefabInfo",
    "root": {
      "__id__": 107
    },
    "asset": {
      "__uuid__": "6e80b5c8-af9e-4653-af16-a8dfd47ab012",
      "__expectedType__": "cc.Prefab"
    },
    "fileId": "941JL6RhtJQbBd5YUjRATM",
    "instance": {
      "__id__": 109
    }
  },
  {
    "__type__": "cc.PrefabInstance",
    "fileId": "1dr/lwpH1DN4hYUrCbYyl2",
    "prefabRootNode": {
      "__id__": 1
    },
    "mountedChildren": [],
    "mountedComponents": [],
    "propertyOverrides": [
      {
        "__id__": 110
      },
      {
        "__id__": 112
      },
      {
        "__id__": 113
      },
      {
        "__id__": 114
      },
      {
        "__id__": 115
      }
    ],
    "removedComponents": []
  },
  {
    "__type__": "CCPropertyOverrideInfo",
    "targetInfo": {
      "__id__": 111
    },
    "propertyPath": [
      "_name"
    ],
    "value": "Collide8"
  },
  {
    "__type__": "cc.TargetInfo",
    "localID": [
      "941JL6RhtJQbBd5YUjRATM"
    ]
  },
  {
    "__type__": "CCPropertyOverrideInfo",
    "targetInfo": {
      "__id__": 111
    },
    "propertyPath": [
      "_lpos"
    ],
    "value": {
      "__type__": "cc.Vec3",
      "x": 320,
      "y": -355,
      "z": 0
    }
  },
  {
    "__type__": "CCPropertyOverrideInfo",
    "targetInfo": {
      "__id__": 111
    },
    "propertyPath": [
      "_lrot"
    ],
    "value": {
      "__type__": "cc.Quat",
      "x": 0,
      "y": 0,
      "z": 0,
      "w": 1
    }
  },
  {
    "__type__": "CCPropertyOverrideInfo",
    "targetInfo": {
      "__id__": 111
    },
    "propertyPath": [
      "_euler"
    ],
    "value": {
      "__type__": "cc.Vec3",
      "x": 0,
      "y": 0,
      "z": 0
    }
  },
  {
    "__type__": "CCPropertyOverrideInfo",
    "targetInfo": {
      "__id__": 116
    },
    "propertyPath": [
      "_contentSize"
    ],
    "value": {
      "__type__": "cc.Size",
      "width": 370,
      "height": 55
    }
  },
  {
    "__type__": "cc.TargetInfo",
    "localID": [
      "f98RIteQNNUK7hvzbGQ91o"
    ]
  },
  {
    "__type__": "cc.Node",
    "_objFlags": 0,
    "_parent": {
      "__id__": 26
    },
    "_prefab": {
      "__id__": 118
    },
    "__editorExtras__": {}
  },
  {
    "__type__": "cc.PrefabInfo",
    "root": {
      "__id__": 117
    },
    "asset": {
      "__uuid__": "6e80b5c8-af9e-4653-af16-a8dfd47ab012",
      "__expectedType__": "cc.Prefab"
    },
    "fileId": "941JL6RhtJQbBd5YUjRATM",
    "instance": {
      "__id__": 119
    }
  },
  {
    "__type__": "cc.PrefabInstance",
    "fileId": "24cxjJ/bpCFYtC3TKXKWBS",
    "prefabRootNode": {
      "__id__": 1
    },
    "mountedChildren": [],
    "mountedComponents": [],
    "propertyOverrides": [
      {
        "__id__": 120
      },
      {
        "__id__": 122
      },
      {
        "__id__": 123
      },
      {
        "__id__": 124
      },
      {
        "__id__": 125
      }
    ],
    "removedComponents": []
  },
  {
    "__type__": "CCPropertyOverrideInfo",
    "targetInfo": {
      "__id__": 121
    },
    "propertyPath": [
      "_name"
    ],
    "value": "Collide9"
  },
  {
    "__type__": "cc.TargetInfo",
    "localID": [
      "941JL6RhtJQbBd5YUjRATM"
    ]
  },
  {
    "__type__": "CCPropertyOverrideInfo",
    "targetInfo": {
      "__id__": 121
    },
    "propertyPath": [
      "_lpos"
    ],
    "value": {
      "__type__": "cc.Vec3",
      "x": -320,
      "y": -160,
      "z": 0
    }
  },
  {
    "__type__": "CCPropertyOverrideInfo",
    "targetInfo": {
      "__id__": 121
    },
    "propertyPath": [
      "_lrot"
    ],
    "value": {
      "__type__": "cc.Quat",
      "x": 0,
      "y": 0,
      "z": 0,
      "w": 1
    }
  },
  {
    "__type__": "CCPropertyOverrideInfo",
    "targetInfo": {
      "__id__": 121
    },
    "propertyPath": [
      "_euler"
    ],
    "value": {
      "__type__": "cc.Vec3",
      "x": 0,
      "y": 0,
      "z": 0
    }
  },
  {
    "__type__": "CCPropertyOverrideInfo",
    "targetInfo": {
      "__id__": 126
    },
    "propertyPath": [
      "_contentSize"
    ],
    "value": {
      "__type__": "cc.Size",
      "width": 240,
      "height": 40
    }
  },
  {
    "__type__": "cc.TargetInfo",
    "localID": [
      "f98RIteQNNUK7hvzbGQ91o"
    ]
  },
  {
    "__type__": "cc.Node",
    "_objFlags": 0,
    "_parent": {
      "__id__": 26
    },
    "_prefab": {
      "__id__": 128
    },
    "__editorExtras__": {}
  },
  {
    "__type__": "cc.PrefabInfo",
    "root": {
      "__id__": 127
    },
    "asset": {
      "__uuid__": "6e80b5c8-af9e-4653-af16-a8dfd47ab012",
      "__expectedType__": "cc.Prefab"
    },
    "fileId": "941JL6RhtJQbBd5YUjRATM",
    "instance": {
      "__id__": 129
    }
  },
  {
    "__type__": "cc.PrefabInstance",
    "fileId": "b285ULP2ZLx4XoKhGQXNOn",
    "prefabRootNode": {
      "__id__": 1
    },
    "mountedChildren": [],
    "mountedComponents": [],
    "propertyOverrides": [
      {
        "__id__": 130
      },
      {
        "__id__": 132
      },
      {
        "__id__": 133
      },
      {
        "__id__": 134
      },
      {
        "__id__": 135
      }
    ],
    "removedComponents": []
  },
  {
    "__type__": "CCPropertyOverrideInfo",
    "targetInfo": {
      "__id__": 131
    },
    "propertyPath": [
      "_name"
    ],
    "value": "Collide10"
  },
  {
    "__type__": "cc.TargetInfo",
    "localID": [
      "941JL6RhtJQbBd5YUjRATM"
    ]
  },
  {
    "__type__": "CCPropertyOverrideInfo",
    "targetInfo": {
      "__id__": 131
    },
    "propertyPath": [
      "_lpos"
    ],
    "value": {
      "__type__": "cc.Vec3",
      "x": 320,
      "y": -160,
      "z": 0
    }
  },
  {
    "__type__": "CCPropertyOverrideInfo",
    "targetInfo": {
      "__id__": 131
    },
    "propertyPath": [
      "_lrot"
    ],
    "value": {
      "__type__": "cc.Quat",
      "x": 0,
      "y": 0,
      "z": 0,
      "w": 1
    }
  },
  {
    "__type__": "CCPropertyOverrideInfo",
    "targetInfo": {
      "__id__": 131
    },
    "propertyPath": [
      "_euler"
    ],
    "value": {
      "__type__": "cc.Vec3",
      "x": 0,
      "y": 0,
      "z": 0
    }
  },
  {
    "__type__": "CCPropertyOverrideInfo",
    "targetInfo": {
      "__id__": 136
    },
    "propertyPath": [
      "_contentSize"
    ],
    "value": {
      "__type__": "cc.Size",
      "width": 240,
      "height": 40
    }
  },
  {
    "__type__": "cc.TargetInfo",
    "localID": [
      "f98RIteQNNUK7hvzbGQ91o"
    ]
  },
  {
    "__type__": "cc.UITransform",
    "_name": "",
    "_objFlags": 0,
    "node": {
      "__id__": 26
    },
    "_enabled": true,
    "__prefab": {
      "__id__": 138
    },
    "_contentSize": {
      "__type__": "cc.Size",
      "width": 0,
      "height": 0
    },
    "_anchorPoint": {
      "__type__": "cc.Vec2",
      "x": 0.5,
      "y": 0.5
    },
    "_id": ""
  },
  {
    "__type__": "cc.CompPrefabInfo",
    "fileId": "2fANES58dP0L2ZmVJWgh9K"
  },
  {
    "__type__": "cc.PrefabInfo",
    "root": {
      "__id__": 1
    },
    "asset": {
      "__id__": 0
    },
    "fileId": "99zlvPF65G5KvmOrtJgYMp"
  },
  {
    "__type__": "cc.UITransform",
    "_name": "",
    "_objFlags": 0,
    "node": {
      "__id__": 1
    },
    "_enabled": true,
    "__prefab": {
      "__id__": 141
    },
    "_contentSize": {
      "__type__": "cc.Size",
      "width": 0,
      "height": 0
    },
    "_anchorPoint": {
      "__type__": "cc.Vec2",
      "x": 0.5,
      "y": 0.5
    },
    "_id": ""
  },
  {
    "__type__": "cc.CompPrefabInfo",
    "fileId": "93zl25HGhIB4gy1Rw+m4Tz"
  },
  {
    "__type__": "cc.PrefabInfo",
    "root": {
      "__id__": 1
    },
    "asset": {
      "__id__": 0
    },
    "fileId": "5fSUEGrsBM0ZENJlSO38vQ",
    "nestedPrefabInstanceRoots": [
      {
        "__id__": 27
      },
      {
        "__id__": 37
      },
      {
        "__id__": 47
      },
      {
        "__id__": 57
      },
      {
        "__id__": 67
      },
      {
        "__id__": 77
      },
      {
        "__id__": 87
      },
      {
        "__id__": 97
      },
      {
        "__id__": 107
      },
      {
        "__id__": 117
      },
      {
        "__id__": 127
      }
    ]
  }
]